,datetime,open,high,low,close,trade_price,trade_time,pred_sig,signal,pos,profit,cost,signal_class,trend_pct,revers_pct,balance,profit_cost,pnl_cost
0,2020-05-06 14:00:00,5794.0,5798.0,5772.0,5782.0,0,0,0.0,0.0,0.0,0.0,2.3628365384615386,0,0,0,1000000.0,-2.3628365384615386,0.9999976371634616
1,2020-05-07 09:00:00,5778.0,5804.0,5770.0,5790.0,[],[],0.0,0.0,0.0,0.0,0.0,0,0,0,1000000.0,0.0,0.9999976371634616
2,2020-05-07 10:00:00,5790.0,5794.0,5762.0,5766.0,[],[],-1.0,-1.0,0.0,0.0,0.0,0,0,0,1000000.0,0.0,0.9999976371634616
3,2020-05-07 11:00:00,5766.0,5776.0,5758.0,5764.0,[5766.0],['2020-05-07 11:00:00'],0.0,0.0,-34.6860908775581,346.86090877558104,81.58921957848179,0,0,0,1000265.2716891972,265.27168919709925,1.0002629088526587
4,2020-05-07 13:00:00,5760.0,5772.0,5756.0,5758.0,[],[],0.0,0.0,-34.6860908775581,1040.582726326743,0.0,0,0,0,1001305.8544155239,1040.582726326743,1.0013034915789853
5,2020-05-07 14:00:00,5758.0,5796.0,5758.0,5796.0,[],[],0.0,0.0,-34.6860908775581,-6590.357266736039,0.0,0,0,0,994715.497148788,-6590.357266736039,0.9947131343122494
6,2020-05-08 09:00:00,5770.0,5810.0,5766.0,5808.0,[],[],0.0,0.0,-34.6860908775581,-2081.165452653486,0.0,0,0,0,992634.3316961344,-2081.165452653486,0.9926319688595958
7,2020-05-08 10:00:00,5808.0,5812.0,5786.0,5806.0,[],[],0.0,0.0,-34.6860908775581,346.86090877558104,0.0,0,0,0,992981.19260491,346.86090877558104,0.9929788297683715
8,2020-05-08 11:00:00,5806.0,5812.0,5802.0,5806.0,[],[],0.0,0.0,-34.6860908775581,0.0,0.0,0,0,0,992981.19260491,0.0,0.9929788297683715
9,2020-05-08 13:00:00,5808.0,5834.0,5802.0,5830.0,[],[],0.0,0.0,-34.6860908775581,-4162.330905306972,0.0,0,0,0,988818.861699603,-4162.330905306972,0.9888164988630644
10,2020-05-08 14:00:00,5830.0,5848.0,5818.0,5846.0,[],[],0.0,0.0,-34.6860908775581,-2774.8872702046483,0.0,0,0,0,986043.9744293984,-2774.8872702046483,0.9860416115928599
11,2020-05-11 09:00:00,5840.0,5868.0,5816.0,5838.0,[],[],0.0,0.0,-34.6860908775581,1387.4436351023242,0.0,0,0,0,987431.4180645008,1387.4436351023242,0.9874290552279621
12,2020-05-11 10:00:00,5840.0,5864.0,5836.0,5856.0,[],[],0.0,0.0,-34.6860908775581,-3121.748178980229,0.0,0,0,0,984309.6698855206,-3121.748178980229,0.984307307048982
13,2020-05-11 11:00:00,5856.0,5878.0,5852.0,5854.0,[],[],0.0,0.0,-34.6860908775581,346.86090877558104,0.0,0,0,0,984656.5307942962,346.86090877558104,0.9846541679577575
14,2020-05-11 13:00:00,5854.0,5858.0,5830.0,5830.0,[],[],0.0,0.0,-34.6860908775581,4162.330905306972,0.0,0,0,0,988818.8616996031,4162.330905306972,0.9888164988630644
15,2020-05-11 14:00:00,5830.0,5850.0,5804.0,5816.0,[],[],-1.0,0.0,-34.6860908775581,2428.026361429067,0.0,0,0,0,991246.8880610322,2428.026361429067,0.9912445252244936
16,2020-05-12 09:00:00,5830.0,5838.0,5796.0,5814.0,[],[],0.0,0.0,-34.6860908775581,346.86090877558104,0.0,0,0,0,991593.7489698078,346.86090877558104,0.9915913861332691
17,2020-05-12 10:00:00,5814.0,5820.0,5804.0,5804.0,[],[],0.0,0.0,-34.6860908775581,1734.3045438779052,0.0,0,0,0,993328.0535136857,1734.3045438779052,0.993325690677147
18,2020-05-12 11:00:00,5804.0,5830.0,5804.0,5828.0,[],[],0.0,0.0,-34.6860908775581,-4162.330905306972,0.0,0,0,0,989165.7226083787,-4162.330905306972,0.98916335977184
19,2020-05-12 13:00:00,5828.0,5834.0,5812.0,5820.0,[],[],0.0,0.0,-34.6860908775581,1387.4436351023242,0.0,0,0,0,990553.1662434811,1387.4436351023242,0.9905508034069423
20,2020-05-12 14:00:00,5820.0,5842.0,5814.0,5840.0,[],[],0.0,0.0,-34.6860908775581,-3468.6090877558104,0.0,0,0,0,987084.5571557253,-3468.6090877558104,0.9870821943191865
21,2020-05-13 09:00:00,5834.0,5834.0,5798.0,5806.0,[],[],0.0,0.0,-34.6860908775581,5896.635449184877,0.0,0,0,0,992981.1926049102,5896.635449184877,0.9929788297683715
22,2020-05-13 10:00:00,5808.0,5818.0,5800.0,5812.0,[],[],0.0,0.0,-34.6860908775581,-1040.582726326743,0.0,0,0,0,991940.6098785835,-1040.582726326743,0.9919382470420447
23,2020-05-13 11:00:00,5812.0,5826.0,5812.0,5816.0,[],[],0.0,0.0,-34.6860908775581,-693.7218175511621,0.0,0,0,0,991246.8880610323,-693.7218175511621,0.9912445252244936
24,2020-05-13 13:00:00,5816.0,5826.0,5804.0,5808.0,[],[],0.0,0.0,-34.6860908775581,1387.4436351023242,0.0,0,0,0,992634.3316961346,1387.4436351023242,0.9926319688595958
25,2020-05-13 14:00:00,5806.0,5838.0,5802.0,5834.0,[],[],0.0,0.0,-34.6860908775581,-4509.191814082553,0.0,0,0,0,988125.1398820521,-4509.191814082553,0.9881227770455133
26,2020-05-14 09:00:00,5846.0,5868.0,5824.0,5828.0,[],[],0.0,0.0,-34.6860908775581,1040.582726326743,0.0,0,0,0,989165.7226083789,1040.582726326743,0.98916335977184
27,2020-05-14 10:00:00,5828.0,5830.0,5804.0,5806.0,[],[],0.0,0.0,-34.6860908775581,3815.469996531391,0.0,0,0,0,992981.1926049102,3815.469996531391,0.9929788297683715
28,2020-05-14 11:00:00,5806.0,5812.0,5796.0,5798.0,[],[],0.0,0.0,-34.6860908775581,1387.4436351023242,0.0,0,0,0,994368.6362400126,1387.4436351023242,0.9943662734034737
29,2020-05-14 13:00:00,5798.0,5800.0,5786.0,5788.0,[],[],0.0,0.0,-34.6860908775581,1734.3045438779052,0.0,0,0,0,996102.9407838905,1734.3045438779052,0.9961005779473516
30,2020-05-14 14:00:00,5788.0,5802.0,5774.0,5774.0,[],[],-1.0,0.0,-34.6860908775581,2428.026361429067,0.0,0,0,0,998530.9671453196,2428.026361429067,0.9985286043087808
31,2020-05-15 09:00:00,5788.0,5812.0,5780.0,5790.0,[],[],-1.0,0.0,-34.6860908775581,-2774.8872702046483,0.0,0,0,0,995756.079875115,-2774.8872702046483,0.9957537170385761
32,2020-05-15 10:00:00,5790.0,5818.0,5786.0,5818.0,[],[],-1.0,0.0,-34.6860908775581,-4856.052722858134,0.0,0,0,0,990900.0271522568,-4856.052722858134,0.9908976643157179
33,2020-05-15 11:00:00,5818.0,5828.0,5814.0,5826.0,[],[],0.0,0.0,-34.6860908775581,-1387.4436351023242,0.0,0,0,0,989512.5835171544,-1387.4436351023242,0.9895102206806157
34,2020-05-15 13:00:00,5826.0,5844.0,5824.0,5844.0,[],[],0.0,0.0,-34.6860908775581,-3121.748178980229,0.0,0,0,0,986390.8353381742,-3121.748178980229,0.9863884725016354
35,2020-05-15 14:00:00,5844.0,5848.0,5836.0,5846.0,[],[],0.0,0.0,-34.6860908775581,-346.86090877558104,0.0,0,0,0,986043.9744293987,-346.86090877558104,0.9860416115928599
36,2020-05-18 09:00:00,5850.0,5858.0,5824.0,5828.0,[],[],0.0,0.0,-34.6860908775581,3121.748178980229,0.0,0,0,0,989165.7226083789,3121.748178980229,0.98916335977184
37,2020-05-18 10:00:00,5830.0,5830.0,5810.0,5816.0,[],[],0.0,0.0,-34.6860908775581,2081.165452653486,0.0,0,0,0,991246.8880610324,2081.165452653486,0.9912445252244936
38,2020-05-18 11:00:00,5816.0,5822.0,5810.0,5816.0,[],[],0.0,0.0,-34.6860908775581,0.0,0.0,0,0,0,991246.8880610324,0.0,0.9912445252244936
39,2020-05-18 13:00:00,5816.0,5818.0,5800.0,5800.0,[],[],-1.0,0.0,-34.6860908775581,2774.8872702046483,0.0,0,0,0,994021.775331237,2774.8872702046483,0.9940194124946982
40,2020-05-18 14:00:00,5800.0,5812.0,5796.0,5798.0,[],[],0.0,0.0,-34.6860908775581,346.86090877558104,0.0,0,0,0,994368.6362400126,346.86090877558104,0.9943662734034737
41,2020-05-19 09:00:00,5820.0,5820.0,5782.0,5806.0,[],[],0.0,0.0,-34.6860908775581,-1387.4436351023242,0.0,0,0,0,992981.1926049102,-1387.4436351023242,0.9929788297683715
42,2020-05-19 10:00:00,5806.0,5834.0,5806.0,5830.0,[],[],0.0,0.0,-34.6860908775581,-4162.330905306972,0.0,0,0,0,988818.8616996033,-4162.330905306972,0.9888164988630644
43,2020-05-19 11:00:00,5832.0,5840.0,5826.0,5838.0,[],[],0.0,0.0,-34.6860908775581,-1387.4436351023242,0.0,0,0,0,987431.4180645009,-1387.4436351023242,0.9874290552279621
44,2020-05-19 13:00:00,5838.0,5846.0,5822.0,5840.0,[],[],0.0,0.0,-34.6860908775581,-346.86090877558104,0.0,0,0,0,987084.5571557253,-346.86090877558104,0.9870821943191865
45,2020-05-19 14:00:00,5840.0,5862.0,5840.0,5860.0,[],[],0.0,0.0,-34.6860908775581,-3468.6090877558104,0.0,0,0,0,983615.9480679695,-3468.6090877558104,0.9836135852314307
46,2020-05-20 09:00:00,5870.0,5880.0,5818.0,5836.0,[],[],0.0,0.0,-34.6860908775581,4162.330905306972,0.0,0,0,0,987778.2789732765,4162.330905306972,0.9877759161367378
47,2020-05-20 10:00:00,5836.0,5838.0,5826.0,5836.0,[],[],0.0,0.0,-34.6860908775581,0.0,0.0,0,0,0,987778.2789732765,0.0,0.9877759161367378
48,2020-05-20 11:00:00,5836.0,5838.0,5824.0,5826.0,[],[],0.0,0.0,-34.6860908775581,1734.3045438779052,0.0,0,0,0,989512.5835171544,1734.3045438779052,0.9895102206806157
49,2020-05-20 13:00:00,5826.0,5836.0,5822.0,5834.0,[],[],0.0,0.0,-34.6860908775581,-1387.4436351023242,0.0,0,0,0,988125.1398820521,-1387.4436351023242,0.9881227770455133
50,2020-05-20 14:00:00,5834.0,5906.0,5832.0,5896.0,[],[],0.0,0.0,-34.6860908775581,-10752.68817204301,0.0,0,0,0,977372.451710009,-10752.68817204301,0.9773700888734703
51,2020-05-21 09:00:00,5896.0,5952.0,5868.0,5942.0,[],[],0.0,0.0,-34.6860908775581,-7977.800901838364,0.0,0,0,0,969394.6508081707,-7977.800901838364,0.9693922879716319
52,2020-05-21 10:00:00,5942.0,5972.0,5934.0,5958.0,[],[],0.0,0.0,-34.6860908775581,-2774.8872702046483,0.0,0,0,0,966619.7635379661,-2774.8872702046483,0.9666174007014273
53,2020-05-21 11:00:00,5958.0,5958.0,5936.0,5940.0,[],[],0.0,0.0,-34.6860908775581,3121.748178980229,0.0,0,0,0,969741.5117169463,3121.748178980229,0.9697391488804075
54,2020-05-21 13:00:00,5940.0,5974.0,5932.0,5960.0,[],[],0.0,0.0,-34.6860908775581,-3468.6090877558104,0.0,0,0,0,966272.9026291905,-3468.6090877558104,0.9662705397926517
55,2020-05-21 14:00:00,5960.0,5992.0,5916.0,5930.0,[],[],0.0,0.0,-34.6860908775581,5202.913631633715,0.0,0,0,0,971475.8162608242,5202.913631633715,0.9714734534242854
56,2020-05-22 09:00:00,5910.0,5980.0,5910.0,5974.0,[],[],0.0,0.0,-34.6860908775581,-7630.939993062782,0.0,0,0,0,963844.8762677615,-7630.939993062782,0.9638425134312226
57,2020-05-22 10:00:00,5976.0,5976.0,5920.0,5926.0,[],[],0.0,0.0,-34.6860908775581,8324.661810613945,0.0,0,0,0,972169.5380783754,8324.661810613945,0.9721671752418366
58,2020-05-22 11:00:00,5926.0,5936.0,5882.0,5908.0,[],[],0.0,0.0,-34.6860908775581,3121.748178980229,0.0,0,0,0,975291.2862573556,3121.748178980229,0.9752889234208169
59,2020-05-22 13:00:00,5906.0,5906.0,5868.0,5874.0,[],[],-1.0,0.0,-34.6860908775581,5896.635449184877,0.0,0,0,0,981187.9217065405,5896.635449184877,0.9811855588700017
60,2020-05-22 14:00:00,5874.0,5888.0,5860.0,5880.0,[],[],0.0,0.0,-34.6860908775581,-1040.582726326743,0.0,0,0,0,980147.3389802137,-1040.582726326743,0.9801449761436749
61,2020-05-25 09:00:00,5894.0,5934.0,5880.0,5908.0,[],[],0.0,0.0,-34.6860908775581,-4856.052722858134,0.0,0,0,0,975291.2862573556,-4856.052722858134,0.9752889234208169
62,2020-05-25 10:00:00,5908.0,5924.0,5900.0,5916.0,[],[],0.0,0.0,-34.6860908775581,-1387.4436351023242,0.0,0,0,0,973903.8426222532,-1387.4436351023242,0.9739014797857145
63,2020-05-25 11:00:00,5916.0,5928.0,5912.0,5920.0,[],[],0.0,0.0,-34.6860908775581,-693.7218175511621,0.0,0,0,0,973210.120804702,-693.7218175511621,0.9732077579681633
64,2020-05-25 13:00:00,5922.0,5926.0,5870.0,5872.0,[],[],0.0,0.0,-34.6860908775581,8324.661810613945,0.0,0,0,0,981534.782615316,8324.661810613945,0.9815324197787773
65,2020-05-25 14:00:00,5872.0,5904.0,5862.0,5898.0,[],[],0.0,0.0,-34.6860908775581,-4509.191814082553,0.0,0,0,0,977025.5908012334,-4509.191814082553,0.9770232279646947
66,2020-05-26 09:00:00,5908.0,5914.0,5878.0,5904.0,[],[],0.0,0.0,-34.6860908775581,-1040.582726326743,0.0,0,0,0,975985.0080749067,-1040.582726326743,0.975982645238368
67,2020-05-26 10:00:00,5904.0,5946.0,5898.0,5920.0,[],[],0.0,0.0,-34.6860908775581,-2774.8872702046483,0.0,0,0,0,973210.120804702,-2774.8872702046483,0.9732077579681633
68,2020-05-26 11:00:00,5918.0,5934.0,5904.0,5910.0,[],[],0.0,0.0,-34.6860908775581,1734.3045438779052,0.0,0,0,0,974944.42534858,1734.3045438779052,0.9749420625120412
69,2020-05-26 13:00:00,5908.0,5940.0,5904.0,5910.0,[],[],0.0,0.0,-34.6860908775581,0.0,0.0,0,0,0,974944.42534858,0.0,0.9749420625120412
70,2020-05-26 14:00:00,5910.0,5936.0,5908.0,5910.0,[],[],0.0,0.0,-34.6860908775581,0.0,0.0,0,0,0,974944.42534858,0.0,0.9749420625120412
71,2020-05-27 09:00:00,5892.0,5916.0,5880.0,5900.0,[],[],0.0,0.0,-34.6860908775581,1734.3045438779052,0.0,0,0,0,976678.729892458,1734.3045438779052,0.9766763670559191
72,2020-05-27 10:00:00,5902.0,5902.0,5866.0,5882.0,[],[],-1.0,0.0,-34.6860908775581,3121.748178980229,0.0,0,0,0,979800.4780714381,3121.748178980229,0.9797981152348993
73,2020-05-27 11:00:00,5882.0,5888.0,5874.0,5874.0,[],[],-1.0,0.0,-34.6860908775581,1387.4436351023242,0.0,0,0,0,981187.9217065405,1387.4436351023242,0.9811855588700017
74,2020-05-27 13:00:00,5874.0,5888.0,5822.0,5826.0,[],[],-1.0,0.0,-34.6860908775581,8324.661810613945,0.0,0,0,0,989512.5835171544,8324.661810613945,0.9895102206806157
75,2020-05-27 14:00:00,5828.0,5834.0,5808.0,5818.0,[],[],0.0,0.0,-34.6860908775581,1387.4436351023242,0.0,0,0,0,990900.0271522568,1387.4436351023242,0.9908976643157179
76,2020-05-28 09:00:00,5828.0,5832.0,5784.0,5788.0,[],[],-1.0,0.0,-34.6860908775581,5202.913631633715,0.0,0,0,0,996102.9407838905,5202.913631633715,0.9961005779473516
77,2020-05-28 10:00:00,5788.0,5804.0,5740.0,5762.0,[],[],-1.0,0.0,-34.6860908775581,4509.191814082553,0.0,0,0,0,1000612.1325979731,4509.191814082553,1.0006097697614342
78,2020-05-28 11:00:00,5758.0,5764.0,5736.0,5760.0,[],[],-1.0,0.0,-34.6860908775581,346.86090877558104,0.0,0,0,0,1000958.9935067487,346.86090877558104,1.0009566306702098
79,2020-05-28 13:00:00,5760.0,5770.0,5744.0,5764.0,[],[],-1.0,0.0,-34.6860908775581,-693.7218175511621,0.0,0,0,0,1000265.2716891975,-693.7218175511621,1.0002629088526587
80,2020-05-28 14:00:00,5764.0,5770.0,5736.0,5746.0,[],[],-1.0,0.0,-34.6860908775581,3121.748178980229,0.0,0,0,0,1003387.0198681777,3121.748178980229,1.003384657031639
81,2020-05-29 09:00:00,5750.0,5760.0,5726.0,5736.0,[],[],-1.0,0.0,-34.6860908775581,1734.3045438779052,0.0,0,0,0,1005121.3244120557,1734.3045438779052,1.0051189615755167
82,2020-05-29 10:00:00,5736.0,5754.0,5726.0,5750.0,[],[],-1.0,0.0,-34.6860908775581,-2428.026361429067,0.0,0,0,0,1002693.2980506266,-2428.026361429067,1.0026909352140878
83,2020-05-29 11:00:00,5750.0,5766.0,5744.0,5754.0,[],[],-1.0,0.0,-34.6860908775581,-693.7218175511621,0.0,0,0,0,1001999.5762330755,-693.7218175511621,1.0019972133965365
84,2020-05-29 13:00:00,5752.0,5770.0,5742.0,5744.0,[],[],-1.0,0.0,-34.6860908775581,1734.3045438779052,0.0,0,0,0,1003733.8807769534,1734.3045438779052,1.0037315179404145
85,2020-05-29 14:00:00,5744.0,5772.0,5736.0,5744.0,[],[],-1.0,0.0,-34.6860908775581,0.0,0.0,0,0,0,1003733.8807769534,0.0,1.0037315179404145
86,2020-06-01 09:00:00,5786.0,5786.0,5752.0,5758.0,[],[],1.0,1.0,-34.6860908775581,-2428.026361429067,0.0,0,0,0,1001305.8544155244,-2428.026361429067,1.0013034915789853
87,2020-06-01 10:00:00,5760.0,5768.0,5756.0,5764.0,"[5758.0, 5758.0]","['2020-06-01 10:00:00', '2020-06-01 10:00:00']",1.0,0.0,34.73428273706148,1042.0284821118444,163.57505341880344,0,0,0,1002184.3078442175,878.4534286930409,1.0021819450076783
88,2020-06-01 11:00:00,5764.0,5782.0,5762.0,5778.0,[],[],1.0,0.0,34.73428273706148,2431.399791594303,0.0,0,0,0,1004615.7076358118,2431.399791594303,1.0046133447992727
89,2020-06-01 13:00:00,5780.0,5786.0,5764.0,5772.0,[],[],1.0,0.0,34.73428273706148,-1042.0284821118444,0.0,0,0,0,1003573.6791536999,-1042.0284821118444,1.003571316317161
90,2020-06-01 14:00:00,5772.0,5800.0,5772.0,5780.0,[],[],0.0,0.0,34.73428273706148,1389.371309482459,0.0,0,0,0,1004963.0504631824,1389.371309482459,1.0049606876266433
91,2020-06-02 09:00:00,5766.0,5794.0,5760.0,5780.0,[],[],0.0,0.0,34.73428273706148,0.0,0.0,0,0,0,1004963.0504631824,0.0,1.0049606876266433
92,2020-06-02 10:00:00,5782.0,5790.0,5776.0,5788.0,[],[],0.0,0.0,34.73428273706148,1389.371309482459,0.0,0,0,0,1006352.4217726649,1389.371309482459,1.0063500589361258
93,2020-06-02 11:00:00,5788.0,5794.0,5780.0,5788.0,[],[],0.0,0.0,34.73428273706148,0.0,0.0,0,0,0,1006352.4217726649,0.0,1.0063500589361258
94,2020-06-02 13:00:00,5788.0,5788.0,5762.0,5780.0,[],[],0.0,0.0,34.73428273706148,-1389.371309482459,0.0,0,0,0,1004963.0504631824,-1389.371309482459,1.0049606876266433
95,2020-06-02 14:00:00,5780.0,5828.0,5780.0,5818.0,[],[],0.0,0.0,34.73428273706148,6599.513720041681,0.0,0,0,0,1011562.5641832241,6599.513720041681,1.0115602013466851
96,2020-06-03 09:00:00,5834.0,5890.0,5814.0,5876.0,[],[],0.0,0.0,34.73428273706148,10072.941993747829,0.0,0,0,0,1021635.506176972,10072.941993747829,1.0216331433404329
97,2020-06-03 10:00:00,5876.0,5884.0,5840.0,5848.0,[],[],0.0,0.0,34.73428273706148,-4862.799583188606,0.0,0,0,0,1016772.7065937833,-4862.799583188606,1.0167703437572442
98,2020-06-03 11:00:00,5848.0,5872.0,5840.0,5864.0,[],[],0.0,0.0,34.73428273706148,2778.742618964918,0.0,0,0,0,1019551.4492127482,2778.742618964918,1.0195490863762091
99,2020-06-03 13:00:00,5862.0,5870.0,5848.0,5870.0,[],[],0.0,0.0,34.73428273706148,1042.0284821118444,0.0,0,0,0,1020593.4776948601,1042.0284821118444,1.020591114858321
100,2020-06-03 14:00:00,5870.0,5876.0,5840.0,5850.0,[],[],0.0,0.0,34.73428273706148,-3473.4282737061476,0.0,0,0,0,1017120.049421154,-3473.4282737061476,1.0171176865846148
101,2020-06-04 09:00:00,5840.0,5858.0,5810.0,5850.0,[],[],0.0,0.0,34.73428273706148,0.0,0.0,0,0,0,1017120.049421154,0.0,1.0171176865846148
102,2020-06-04 10:00:00,5850.0,5896.0,5850.0,5882.0,[],[],0.0,0.0,34.73428273706148,5557.485237929836,0.0,0,0,0,1022677.5346590838,5557.485237929836,1.0226751718225446
103,2020-06-04 11:00:00,5882.0,5886.0,5842.0,5848.0,[],[],0.0,0.0,34.73428273706148,-5904.828065300451,0.0,0,0,0,1016772.7065937833,-5904.828065300451,1.0167703437572442
104,2020-06-04 13:00:00,5842.0,5882.0,5842.0,5872.0,[],[],0.0,0.0,34.73428273706148,4168.1139284473775,0.0,0,0,0,1020940.8205222307,4168.1139284473775,1.0209384576856917
105,2020-06-04 14:00:00,5872.0,5884.0,5844.0,5864.0,[],[],0.0,0.0,34.73428273706148,-1389.371309482459,0.0,0,0,0,1019551.4492127482,-1389.371309482459,1.0195490863762091
106,2020-06-05 09:00:00,5860.0,5882.0,5844.0,5854.0,[],[],0.0,0.0,34.73428273706148,-1736.7141368530738,0.0,0,0,0,1017814.7350758951,-1736.7141368530738,1.0178123722393562
107,2020-06-05 10:00:00,5854.0,5854.0,5818.0,5834.0,[],[],-1.0,-1.0,34.73428273706148,-3473.4282737061476,0.0,0,0,0,1014341.306802189,-3473.4282737061476,1.0143389439656498
108,2020-06-05 11:00:00,5834.0,5844.0,5830.0,5844.0,"[5834.0, 5834.0]","['2020-06-05 11:00:00', '2020-06-05 11:00:00']",0.0,0.0,-34.28179636612958,-1714.0898183064792,163.62953593169422,0,0,0,1012463.5874479507,-1877.7193542381733,1.0124612246114117
109,2020-06-05 13:00:00,5844.0,5854.0,5832.0,5838.0,[],[],0.0,0.0,-34.28179636612958,1028.4538909838875,0.0,0,0,0,1013492.0413389346,1028.4538909838875,1.0134896785023957
110,2020-06-05 14:00:00,5838.0,5852.0,5836.0,5842.0,[],[],0.0,0.0,-34.28179636612958,-685.6359273225917,0.0,0,0,0,1012806.405411612,-685.6359273225917,1.012804042575073
111,2020-06-08 09:00:00,5866.0,5888.0,5828.0,5852.0,[],[],0.0,0.0,-34.28179636612958,-1714.0898183064792,0.0,0,0,0,1011092.3155933055,-1714.0898183064792,1.0110899527567665
112,2020-06-08 10:00:00,5852.0,5852.0,5832.0,5834.0,[],[],0.0,0.0,-34.28179636612958,3085.3616729516625,0.0,0,0,0,1014177.6772662571,3085.3616729516625,1.0141753144297183
113,2020-06-08 11:00:00,5832.0,5838.0,5822.0,5830.0,[],[],0.0,0.0,-34.28179636612958,685.6359273225917,0.0,0,0,0,1014863.3131935797,685.6359273225917,1.014860950357041
114,2020-06-08 13:00:00,5832.0,5836.0,5820.0,5820.0,[],[],-1.0,0.0,-34.28179636612958,1714.0898183064792,0.0,0,0,0,1016577.4030118862,1714.0898183064792,1.0165750401753473
115,2020-06-08 14:00:00,5820.0,5822.0,5784.0,5804.0,[],[],-1.0,0.0,-34.28179636612958,2742.5437092903667,0.0,0,0,0,1019319.9467211765,2742.5437092903667,1.0193175838846378
116,2020-06-09 09:00:00,5794.0,5810.0,5772.0,5796.0,[],[],0.0,0.0,-34.28179636612958,1371.2718546451833,0.0,0,0,0,1020691.2185758217,1371.2718546451833,1.0206888557392828
117,2020-06-09 10:00:00,5796.0,5808.0,5786.0,5808.0,[],[],0.0,0.0,-34.28179636612958,-2056.907781967775,0.0,0,0,0,1018634.310793854,-2056.907781967775,1.0186319479573152
118,2020-06-09 11:00:00,5808.0,5808.0,5788.0,5802.0,[],[],0.0,0.0,-34.28179636612958,1028.4538909838875,0.0,0,0,0,1019662.7646848378,1028.4538909838875,1.0196604018482989
119,2020-06-09 13:00:00,5802.0,5828.0,5798.0,5826.0,[],[],-1.0,0.0,-34.28179636612958,-4113.81556393555,0.0,0,0,0,1015548.9491209022,-4113.81556393555,1.0155465862843633
120,2020-06-09 14:00:00,5826.0,5842.0,5812.0,5822.0,[],[],0.0,0.0,-34.28179636612958,685.6359273225917,0.0,0,0,0,1016234.5850482248,685.6359273225917,1.016232222211686
121,2020-06-10 09:00:00,5814.0,5838.0,5780.0,5794.0,[],[],0.0,0.0,-34.28179636612958,4799.451491258142,0.0,0,0,0,1021034.0365394829,4799.451491258142,1.0210316737029441
122,2020-06-10 10:00:00,5794.0,5796.0,5774.0,5778.0,[],[],-1.0,0.0,-34.28179636612958,2742.5437092903667,0.0,0,0,0,1023776.5802487732,2742.5437092903667,1.0237742174122346
123,2020-06-10 11:00:00,5776.0,5776.0,5766.0,5768.0,[],[],0.0,0.0,-34.28179636612958,1714.0898183064792,0.0,0,0,0,1025490.6700670797,1714.0898183064792,1.025488307230541
124,2020-06-10 13:00:00,5768.0,5768.0,5756.0,5758.0,[],[],-1.0,0.0,-34.28179636612958,1714.0898183064792,0.0,0,0,0,1027204.7598853862,1714.0898183064792,1.0272023970488475
125,2020-06-10 14:00:00,5760.0,5760.0,5684.0,5704.0,[],[],-1.0,0.0,-34.28179636612958,9256.085018854988,0.0,0,0,0,1036460.8449042412,9256.085018854988,1.0364584820677025
126,2020-06-11 09:00:00,5672.0,5716.0,5664.0,5682.0,[],[],-1.0,0.0,-34.28179636612958,3770.997600274254,0.0,0,0,0,1040231.8425045154,3770.997600274254,1.0402294796679767
127,2020-06-11 10:00:00,5682.0,5706.0,5680.0,5694.0,[],[],-1.0,0.0,-34.28179636612958,-2056.907781967775,0.0,0,0,0,1038174.9347225477,-2056.907781967775,1.0381725718860089
128,2020-06-11 11:00:00,5692.0,5704.0,5676.0,5680.0,[],[],-1.0,0.0,-34.28179636612958,2399.725745629071,0.0,0,0,0,1040574.6604681767,2399.725745629071,1.040572297631638
129,2020-06-11 13:00:00,5680.0,5680.0,5614.0,5644.0,[],[],-1.0,0.0,-34.28179636612958,6170.723345903325,0.0,0,0,0,1046745.38381408,6170.723345903325,1.0467430209775412
130,2020-06-11 14:00:00,5644.0,5656.0,5628.0,5636.0,[],[],-1.0,0.0,-34.28179636612958,1371.2718546451833,0.0,0,0,0,1048116.6556687253,1371.2718546451833,1.0481142928321865
131,2020-06-15 14:00:00,5836.0,5852.0,5832.0,5846.0,0,0,0.0,0.0,0.0,0.0,2.3889903846153846,0,0,0,1048116.6556687253,-2.3889903846153846,1.0481119038418019
132,2020-06-16 09:00:00,5856.0,5890.0,5828.0,5882.0,[],[],0.0,0.0,0.0,0.0,0.0,0,0,0,1048116.6556687253,0.0,1.0481119038418019
133,2020-06-16 10:00:00,5882.0,5890.0,5872.0,5888.0,[],[],0.0,0.0,0.0,0.0,0.0,0,0,0,1048116.6556687253,0.0,1.0481119038418019
134,2020-06-16 11:00:00,5888.0,5894.0,5882.0,5888.0,[],[],0.0,0.0,0.0,0.0,0.0,0,0,0,1048116.6556687253,0.0,1.0481119038418019
135,2020-06-16 13:00:00,5888.0,5894.0,5882.0,5890.0,[],[],0.0,0.0,0.0,0.0,0.0,0,0,0,1048116.6556687253,0.0,1.0481119038418019
136,2020-06-16 14:00:00,5890.0,5920.0,5884.0,5888.0,[],[],0.0,0.0,0.0,0.0,0.0,0,0,0,1048116.6556687253,0.0,1.0481119038418019
137,2020-06-17 09:00:00,5886.0,5990.0,5880.0,5980.0,[],[],0.0,0.0,0.0,0.0,0.0,0,0,0,1048116.6556687253,0.0,1.0481119038418019
138,2020-06-17 10:00:00,5980.0,6000.0,5970.0,5978.0,[],[],0.0,0.0,0.0,0.0,0.0,0,0,0,1048116.6556687253,0.0,1.0481119038418019
139,2020-06-17 11:00:00,5980.0,6008.0,5978.0,6000.0,[],[],0.0,0.0,0.0,0.0,0.0,0,0,0,1048116.6556687253,0.0,1.0481119038418019
140,2020-06-17 13:00:00,6000.0,6010.0,5992.0,6002.0,[],[],0.0,0.0,0.0,0.0,0.0,0,0,0,1048116.6556687253,0.0,1.0481119038418019
141,2020-06-17 14:00:00,6002.0,6042.0,5996.0,6024.0,[],[],0.0,0.0,0.0,0.0,0.0,0,0,0,1048116.6556687253,0.0,1.0481119038418019
142,2020-06-18 09:00:00,6036.0,6080.0,6000.0,6072.0,[],[],0.0,0.0,0.0,0.0,0.0,0,0,0,1048116.6556687253,0.0,1.0481119038418019
143,2020-06-18 10:00:00,6072.0,6200.0,6066.0,6194.0,[],[],0.0,0.0,0.0,0.0,0.0,0,0,0,1048116.6556687253,0.0,1.0481119038418019
144,2020-06-18 11:00:00,6194.0,6250.0,6190.0,6246.0,[],[],0.0,0.0,0.0,0.0,0.0,0,0,0,1048116.6556687253,0.0,1.0481119038418019
145,2020-06-18 13:00:00,6246.0,6246.0,6196.0,6204.0,[],[],0.0,0.0,0.0,0.0,0.0,0,0,0,1048116.6556687253,0.0,1.0481119038418019
146,2020-06-18 14:00:00,6204.0,6228.0,6148.0,6174.0,[],[],0.0,0.0,0.0,0.0,0.0,0,0,0,1048116.6556687253,0.0,1.0481119038418019
147,2020-06-19 09:00:00,6200.0,6250.0,6160.0,6248.0,[],[],0.0,0.0,0.0,0.0,0.0,0,0,0,1048116.6556687253,0.0,1.0481119038418019
148,2020-06-19 10:00:00,6248.0,6272.0,6232.0,6268.0,[],[],0.0,0.0,0.0,0.0,0.0,0,0,0,1048116.6556687253,0.0,1.0481119038418019
149,2020-06-19 11:00:00,6268.0,6282.0,6248.0,6278.0,[],[],0.0,0.0,0.0,0.0,0.0,0,0,0,1048116.6556687253,0.0,1.0481119038418019
150,2020-06-19 13:00:00,6280.0,6350.0,6270.0,6314.0,[],[],0.0,0.0,0.0,0.0,0.0,0,0,0,1048116.6556687253,0.0,1.0481119038418019
151,2020-06-19 14:00:00,6314.0,6348.0,6310.0,6342.0,[],[],0.0,0.0,0.0,0.0,0.0,0,0,0,1048116.6556687253,0.0,1.0481119038418019
152,2020-06-22 09:00:00,6320.0,6444.0,6160.0,6190.0,[],[],0.0,0.0,0.0,0.0,0.0,0,0,0,1048116.6556687253,0.0,1.0481119038418019
153,2020-06-22 10:00:00,6190.0,6238.0,6166.0,6188.0,[],[],0.0,0.0,0.0,0.0,0.0,0,0,0,1048116.6556687253,0.0,1.0481119038418019
154,2020-06-22 11:00:00,6188.0,6200.0,6134.0,6156.0,[],[],0.0,0.0,0.0,0.0,0.0,0,0,0,1048116.6556687253,0.0,1.0481119038418019
155,2020-06-22 13:00:00,6156.0,6192.0,6148.0,6148.0,[],[],0.0,0.0,0.0,0.0,0.0,0,0,0,1048116.6556687253,0.0,1.0481119038418019
156,2020-06-22 14:00:00,6146.0,6180.0,6142.0,6164.0,[],[],0.0,0.0,0.0,0.0,0.0,0,0,0,1048116.6556687253,0.0,1.0481119038418019
157,2020-06-23 09:00:00,6182.0,6228.0,6180.0,6214.0,[],[],0.0,0.0,0.0,0.0,0.0,0,0,0,1048116.6556687253,0.0,1.0481119038418019
158,2020-06-23 10:00:00,6214.0,6260.0,6202.0,6254.0,[],[],0.0,0.0,0.0,0.0,0.0,0,0,0,1048116.6556687253,0.0,1.0481119038418019
159,2020-06-23 11:00:00,6254.0,6268.0,6210.0,6256.0,[],[],0.0,0.0,0.0,0.0,0.0,0,0,0,1048116.6556687253,0.0,1.0481119038418019
160,2020-06-23 13:00:00,6256.0,6256.0,6216.0,6236.0,[],[],0.0,0.0,0.0,0.0,0.0,0,0,0,1048116.6556687253,0.0,1.0481119038418019
161,2020-06-23 14:00:00,6234.0,6250.0,6220.0,6226.0,[],[],0.0,0.0,0.0,0.0,0.0,0,0,0,1048116.6556687253,0.0,1.0481119038418019
162,2020-06-24 09:00:00,6230.0,6256.0,6190.0,6192.0,[],[],-1.0,-1.0,0.0,0.0,0.0,0,0,0,1048116.6556687253,0.0,1.0481119038418019
163,2020-06-24 10:00:00,6190.0,6214.0,6184.0,6202.0,[6192.0],['2020-06-24 10:00:00'],0.0,0.0,-32.299741602067186,-1614.9870801033592,81.78351577431926,0,0,0,1046419.8850728476,-1696.7705958776785,1.0464151332459242
164,2020-06-24 11:00:00,6200.0,6222.0,6200.0,6210.0,[],[],0.0,0.0,-32.299741602067186,-1291.9896640826873,0.0,0,0,0,1045127.895408765,-1291.9896640826873,1.0451231435818416
165,2020-06-24 13:00:00,6202.0,6270.0,6202.0,6236.0,[],[],0.0,0.0,-32.299741602067186,-4198.966408268734,0.0,0,0,0,1040928.9290004962,-4198.966408268734,1.0409241771735729
166,2020-06-24 14:00:00,6236.0,6248.0,6230.0,6240.0,[],[],0.0,0.0,-32.299741602067186,-645.9948320413437,0.0,0,0,0,1040282.9341684548,-645.9948320413437,1.0402781823415315
167,2020-06-29 09:00:00,6220.0,6260.0,6200.0,6244.0,[],[],0.0,0.0,-32.299741602067186,-645.9948320413437,0.0,0,0,0,1039636.9393364135,-645.9948320413437,1.03963218750949
168,2020-06-29 10:00:00,6244.0,6248.0,6212.0,6234.0,[],[],0.0,0.0,-32.299741602067186,1614.9870801033592,0.0,0,0,0,1041251.9264165169,1614.9870801033592,1.0412471745895935
169,2020-06-29 11:00:00,6234.0,6244.0,6220.0,6228.0,[],[],0.0,0.0,-32.299741602067186,968.9922480620156,0.0,0,0,0,1042220.9186645789,968.9922480620156,1.0422161668376555
170,2020-06-29 13:00:00,6228.0,6240.0,6222.0,6230.0,[],[],0.0,0.0,-32.299741602067186,-322.99741602067184,0.0,0,0,0,1041897.9212485582,-322.99741602067184,1.041893169421635
171,2020-06-29 14:00:00,6226.0,6234.0,6212.0,6228.0,[],[],0.0,0.0,-32.299741602067186,322.99741602067184,0.0,0,0,0,1042220.9186645789,322.99741602067184,1.0422161668376555
172,2020-06-30 09:00:00,6250.0,6260.0,6188.0,6204.0,[],[],-1.0,0.0,-32.299741602067186,3875.9689922480625,0.0,0,0,0,1046096.887656827,3875.9689922480625,1.0460921358299036
173,2020-06-30 10:00:00,6204.0,6216.0,6196.0,6210.0,[],[],0.0,0.0,-32.299741602067186,-968.9922480620156,0.0,0,0,0,1045127.895408765,-968.9922480620156,1.0451231435818416
174,2020-06-30 11:00:00,6210.0,6222.0,6204.0,6204.0,[],[],0.0,0.0,-32.299741602067186,968.9922480620156,0.0,0,0,0,1046096.887656827,968.9922480620156,1.0460921358299036
175,2020-06-30 13:00:00,6204.0,6210.0,6162.0,6166.0,[],[],-1.0,0.0,-32.299741602067186,6136.950904392766,0.0,0,0,0,1052233.8385612199,6136.950904392766,1.0522290867342963
176,2020-06-30 14:00:00,6164.0,6180.0,6134.0,6176.0,[],[],0.0,0.0,-32.299741602067186,-1614.9870801033592,0.0,0,0,0,1050618.8514811166,-1614.9870801033592,1.050614099654193
177,2020-07-01 09:00:00,6200.0,6218.0,6168.0,6208.0,[],[],0.0,0.0,-32.299741602067186,-5167.958656330749,0.0,0,0,0,1045450.8928247859,-5167.958656330749,1.0454461409978622
178,2020-07-01 10:00:00,6208.0,6214.0,6176.0,6198.0,[],[],0.0,0.0,-32.299741602067186,1614.9870801033592,0.0,0,0,0,1047065.8799048893,1614.9870801033592,1.0470611280779656
179,2020-07-01 11:00:00,6194.0,6198.0,6188.0,6194.0,[],[],0.0,0.0,-32.299741602067186,645.9948320413437,0.0,0,0,0,1047711.8747369306,645.9948320413437,1.047707122910007
180,2020-07-01 13:00:00,6194.0,6224.0,6188.0,6216.0,[],[],0.0,0.0,-32.299741602067186,-3552.971576227391,0.0,0,0,0,1044158.9031607033,-3552.971576227391,1.0441541513337795
181,2020-07-01 14:00:00,6214.0,6218.0,6186.0,6208.0,[],[],0.0,0.0,-32.299741602067186,1291.9896640826873,0.0,0,0,0,1045450.8928247859,1291.9896640826873,1.0454461409978622
182,2020-07-02 09:00:00,6238.0,6238.0,6194.0,6200.0,[],[],0.0,0.0,-32.299741602067186,1291.9896640826873,0.0,0,0,0,1046742.8824888685,1291.9896640826873,1.046738130661945
183,2020-07-02 10:00:00,6200.0,6216.0,6198.0,6204.0,[],[],0.0,0.0,-32.299741602067186,-645.9948320413437,0.0,0,0,0,1046096.8876568272,-645.9948320413437,1.0460921358299036
184,2020-07-02 11:00:00,6202.0,6210.0,6200.0,6208.0,[],[],0.0,0.0,-32.299741602067186,-645.9948320413437,0.0,0,0,0,1045450.8928247859,-645.9948320413437,1.0454461409978622
185,2020-07-02 13:00:00,6208.0,6210.0,6200.0,6200.0,[],[],0.0,0.0,-32.299741602067186,1291.9896640826873,0.0,0,0,0,1046742.8824888685,1291.9896640826873,1.046738130661945
186,2020-07-02 14:00:00,6200.0,6210.0,6194.0,6200.0,[],[],0.0,0.0,-32.299741602067186,0.0,0.0,0,0,0,1046742.8824888685,0.0,1.046738130661945
187,2020-07-03 09:00:00,6188.0,6210.0,6150.0,6172.0,[],[],-1.0,0.0,-32.299741602067186,4521.963824289406,0.0,0,0,0,1051264.846313158,4521.963824289406,1.0512600944862343
188,2020-07-03 10:00:00,6170.0,6180.0,6162.0,6166.0,[],[],-1.0,0.0,-32.299741602067186,968.9922480620156,0.0,0,0,0,1052233.83856122,968.9922480620156,1.0522290867342963
189,2020-07-03 11:00:00,6164.0,6168.0,6154.0,6162.0,[],[],0.0,0.0,-32.299741602067186,645.9948320413437,0.0,0,0,0,1052879.8333932615,645.9948320413437,1.0528750815663377
190,2020-07-03 13:00:00,6160.0,6166.0,6146.0,6148.0,[],[],0.0,0.0,-32.299741602067186,2260.981912144703,0.0,0,0,0,1055140.8153054062,2260.981912144703,1.0551360634784823
191,2020-07-03 14:00:00,6148.0,6160.0,6130.0,6144.0,[],[],0.0,0.0,-32.299741602067186,645.9948320413437,0.0,0,0,0,1055786.8101374477,645.9948320413437,1.0557820583105237
192,2020-07-06 09:00:00,6138.0,6176.0,6138.0,6162.0,[],[],0.0,0.0,-32.299741602067186,-2906.9767441860467,0.0,0,0,0,1052879.8333932615,-2906.9767441860467,1.0528750815663377
193,2020-07-06 10:00:00,6164.0,6176.0,6150.0,6162.0,[],[],0.0,0.0,-32.299741602067186,0.0,0.0,0,0,0,1052879.8333932615,0.0,1.0528750815663377
194,2020-07-06 11:00:00,6164.0,6164.0,6144.0,6160.0,[],[],0.0,0.0,-32.299741602067186,322.99741602067184,0.0,0,0,0,1053202.8308092821,322.99741602067184,1.0531980789823583
195,2020-07-06 13:00:00,6162.0,6172.0,6158.0,6162.0,[],[],0.0,0.0,-32.299741602067186,-322.99741602067184,0.0,0,0,0,1052879.8333932615,-322.99741602067184,1.0528750815663377
196,2020-07-06 14:00:00,6162.0,6176.0,6156.0,6174.0,[],[],0.0,0.0,-32.299741602067186,-1937.9844961240312,0.0,0,0,0,1050941.8488971374,-1937.9844961240312,1.0509370970702137
197,2020-07-07 09:00:00,6164.0,6198.0,6152.0,6164.0,[],[],0.0,0.0,-32.299741602067186,1614.9870801033592,0.0,0,0,0,1052556.8359772407,1614.9870801033592,1.052552084150317
198,2020-07-07 10:00:00,6162.0,6174.0,6152.0,6154.0,[],[],0.0,0.0,-32.299741602067186,1614.9870801033592,0.0,0,0,0,1054171.823057344,1614.9870801033592,1.0541670712304203
199,2020-07-07 11:00:00,6154.0,6160.0,6152.0,6154.0,[],[],0.0,0.0,-32.299741602067186,0.0,0.0,0,0,0,1054171.823057344,0.0,1.0541670712304203
200,2020-07-07 13:00:00,6154.0,6166.0,6150.0,6162.0,[],[],0.0,0.0,-32.299741602067186,-1291.9896640826873,0.0,0,0,0,1052879.8333932613,-1291.9896640826873,1.0528750815663377
201,2020-07-07 14:00:00,6162.0,6180.0,6150.0,6176.0,[],[],0.0,0.0,-32.299741602067186,-2260.981912144703,0.0,0,0,0,1050618.8514811166,-2260.981912144703,1.050614099654193
202,2020-07-08 09:00:00,5716.0,5734.0,5698.0,5704.0,[],[],0.0,0.0,0.0,0.0,0.0,0,0,0,1050618.8514811166,0.0,1.050614099654193
203,2020-07-08 10:00:00,5704.0,5708.0,5668.0,5680.0,[],[],0.0,0.0,0.0,0.0,0.0,0,0,0,1050618.8514811166,0.0,1.050614099654193
204,2020-07-08 11:00:00,5680.0,5680.0,5654.0,5668.0,[],[],0.0,0.0,0.0,0.0,0.0,0,0,0,1050618.8514811166,0.0,1.050614099654193
205,2020-07-08 13:00:00,5668.0,5670.0,5634.0,5638.0,[],[],0.0,0.0,0.0,0.0,0.0,0,0,0,1050618.8514811166,0.0,1.050614099654193
206,2020-07-08 14:00:00,5640.0,5658.0,5632.0,5632.0,[],[],0.0,0.0,0.0,0.0,0.0,0,0,0,1050618.8514811166,0.0,1.050614099654193
207,2020-07-09 09:00:00,5636.0,5694.0,5632.0,5684.0,[],[],0.0,0.0,0.0,0.0,0.0,0,0,0,1050618.8514811166,0.0,1.050614099654193
208,2020-07-09 10:00:00,5682.0,5712.0,5682.0,5700.0,[],[],0.0,0.0,0.0,0.0,0.0,0,0,0,1050618.8514811166,0.0,1.050614099654193
209,2020-07-09 11:00:00,5698.0,5704.0,5694.0,5698.0,[],[],0.0,0.0,0.0,0.0,0.0,0,0,0,1050618.8514811166,0.0,1.050614099654193
210,2020-07-09 13:00:00,5698.0,5706.0,5686.0,5688.0,[],[],0.0,0.0,0.0,0.0,0.0,0,0,0,1050618.8514811166,0.0,1.050614099654193
211,2020-07-09 14:00:00,5688.0,5696.0,5670.0,5690.0,[],[],0.0,0.0,0.0,0.0,0.0,0,0,0,1050618.8514811166,0.0,1.050614099654193
212,2020-07-10 09:00:00,5680.0,5682.0,5638.0,5646.0,[],[],-1.0,-1.0,0.0,0.0,0.0,0,0,0,1050618.8514811166,0.0,1.050614099654193
213,2020-07-10 10:00:00,5648.0,5656.0,5622.0,5648.0,[5646.0],['2020-07-10 10:00:00'],0.0,0.0,-35.423308537017355,-354.23308537017357,81.73076923076924,0,0,0,1050182.8876265157,-435.9638546009428,1.050178135799592
214,2020-07-10 11:00:00,5650.0,5678.0,5648.0,5668.0,[],[],0.0,0.0,-35.423308537017355,-3542.3308537017356,0.0,0,0,0,1046640.556772814,-3542.3308537017356,1.0466358049458904
215,2020-07-10 13:00:00,5666.0,5686.0,5656.0,5680.0,[],[],0.0,0.0,-35.423308537017355,-2125.398512221041,0.0,0,0,0,1044515.158260593,-2125.398512221041,1.0445104064336692
216,2020-07-10 14:00:00,5680.0,5682.0,5640.0,5640.0,[],[],0.0,0.0,-35.423308537017355,7084.661707403471,0.0,0,0,0,1051599.8199679963,7084.661707403471,1.0515950681410726
217,2020-07-13 09:00:00,5650.0,5680.0,5608.0,5612.0,[],[],-1.0,0.0,-35.423308537017355,4959.26319518243,0.0,0,0,0,1056559.0831631788,4959.26319518243,1.056554331336255
218,2020-07-13 10:00:00,5612.0,5646.0,5604.0,5634.0,[],[],0.0,0.0,-35.423308537017355,-3896.5639390719093,0.0,0,0,0,1052662.5192241068,-3896.5639390719093,1.0526577673971833
219,2020-07-13 11:00:00,5634.0,5654.0,5628.0,5642.0,[],[],0.0,0.0,-35.423308537017355,-1416.9323414806943,0.0,0,0,0,1051245.5868826262,-1416.9323414806943,1.0512408350557025
220,2020-07-13 13:00:00,5642.0,5652.0,5630.0,5640.0,[],[],0.0,0.0,-35.423308537017355,354.23308537017357,0.0,0,0,0,1051599.8199679963,354.23308537017357,1.0515950681410726
221,2020-07-13 14:00:00,5640.0,5684.0,5628.0,5634.0,[],[],0.0,0.0,-35.423308537017355,1062.6992561105205,0.0,0,0,0,1052662.5192241068,1062.6992561105205,1.0526577673971833
222,2020-07-14 09:00:00,5636.0,5640.0,5548.0,5550.0,[],[],-1.0,0.0,-35.423308537017355,14877.789585547289,0.0,0,0,0,1067540.308809654,14877.789585547289,1.0675355569827305
223,2020-07-14 10:00:00,5550.0,5556.0,5508.0,5530.0,[],[],-1.0,0.0,-35.423308537017355,3542.3308537017356,0.0,0,0,0,1071082.639663356,3542.3308537017356,1.0710778878364322
224,2020-07-14 11:00:00,5530.0,5536.0,5520.0,5522.0,[],[],-1.0,0.0,-35.423308537017355,1416.9323414806943,0.0,0,0,0,1072499.5720048365,1416.9323414806943,1.072494820177913
225,2020-07-14 13:00:00,5524.0,5568.0,5524.0,5566.0,[],[],-1.0,0.0,-35.423308537017355,-7793.127878143819,0.0,0,0,0,1064706.4441266926,-7793.127878143819,1.0647016922997692
226,2020-07-14 14:00:00,5566.0,5580.0,5536.0,5540.0,[],[],-1.0,0.0,-35.423308537017355,4605.030109812256,0.0,0,0,0,1069311.4742365049,4605.030109812256,1.0693067224095814
227,2020-07-15 09:00:00,5562.0,5586.0,5552.0,5564.0,[],[],-1.0,0.0,-35.423308537017355,-4250.797024442082,0.0,0,0,0,1065060.6772120628,-4250.797024442082,1.0650559253851393
228,2020-07-15 10:00:00,5564.0,5578.0,5558.0,5574.0,[],[],0.0,0.0,-35.423308537017355,-1771.1654268508678,0.0,0,0,0,1063289.511785212,-1771.1654268508678,1.0632847599582884
229,2020-07-15 11:00:00,5574.0,5584.0,5570.0,5584.0,[],[],0.0,0.0,-35.423308537017355,-1771.1654268508678,0.0,0,0,0,1061518.3463583612,-1771.1654268508678,1.0615135945314376
230,2020-07-15 13:00:00,5584.0,5590.0,5572.0,5574.0,[],[],0.0,0.0,-35.423308537017355,1771.1654268508678,0.0,0,0,0,1063289.511785212,1771.1654268508678,1.0632847599582884
231,2020-07-15 14:00:00,5574.0,5578.0,5550.0,5556.0,[],[],0.0,0.0,-35.423308537017355,3188.0977683315623,0.0,0,0,0,1066477.6095535436,3188.0977683315623,1.06647285772662
232,2020-07-16 09:00:00,5556.0,5570.0,5546.0,5560.0,[],[],0.0,0.0,-35.423308537017355,-708.4661707403471,0.0,0,0,0,1065769.1433828033,-708.4661707403471,1.0657643915558797
233,2020-07-16 10:00:00,5560.0,5570.0,5538.0,5546.0,[],[],-1.0,0.0,-35.423308537017355,2479.631597591215,0.0,0,0,0,1068248.7749803946,2479.631597591215,1.068244023153471
234,2020-07-16 11:00:00,5546.0,5556.0,5536.0,5550.0,[],[],0.0,0.0,-35.423308537017355,-708.4661707403471,0.0,0,0,0,1067540.3088096543,-708.4661707403471,1.0675355569827305
235,2020-07-16 13:00:00,5550.0,5564.0,5538.0,5564.0,[],[],0.0,0.0,-35.423308537017355,-2479.631597591215,0.0,0,0,0,1065060.6772120632,-2479.631597591215,1.0650559253851393
236,2020-07-16 14:00:00,5564.0,5572.0,5548.0,5566.0,[],[],0.0,0.0,-35.423308537017355,-354.23308537017357,0.0,0,0,0,1064706.444126693,-354.23308537017357,1.0647016922997692
237,2020-07-17 09:00:00,5578.0,5580.0,5502.0,5518.0,[],[],-1.0,0.0,-35.423308537017355,8501.594048884164,0.0,0,0,0,1073208.0381755773,8501.594048884164,1.0732032863486534
238,2020-07-17 10:00:00,5516.0,5540.0,5492.0,5520.0,[],[],0.0,0.0,-35.423308537017355,-354.23308537017357,0.0,0,0,0,1072853.8050902071,-354.23308537017357,1.072849053263283
239,2020-07-17 11:00:00,5520.0,5546.0,5520.0,5532.0,[],[],0.0,0.0,-35.423308537017355,-2125.398512221041,0.0,0,0,0,1070728.4065779862,-2125.398512221041,1.0707236547510621
240,2020-07-17 13:00:00,5534.0,5550.0,5522.0,5544.0,[],[],0.0,0.0,-35.423308537017355,-2125.398512221041,0.0,0,0,0,1068603.0080657653,-2125.398512221041,1.068598256238841
241,2020-07-17 14:00:00,5544.0,5550.0,5540.0,5544.0,[],[],0.0,0.0,-35.423308537017355,0.0,0.0,0,0,0,1068603.0080657653,0.0,1.068598256238841
242,2020-07-20 09:00:00,5522.0,5578.0,5506.0,5578.0,[],[],0.0,0.0,-35.423308537017355,-6021.9624512929495,0.0,0,0,0,1062581.0456144724,-6021.9624512929495,1.062576293787548
243,2020-07-20 10:00:00,5578.0,5596.0,5564.0,5582.0,[],[],0.0,0.0,-35.423308537017355,-708.4661707403471,0.0,0,0,0,1061872.579443732,-708.4661707403471,1.0618678276168076
244,2020-07-20 11:00:00,5582.0,5614.0,5576.0,5608.0,[],[],0.0,0.0,-35.423308537017355,-4605.030109812256,0.0,0,0,0,1057267.5493339198,-4605.030109812256,1.0572627975069955
245,2020-07-20 13:00:00,5608.0,5628.0,5608.0,5614.0,[],[],0.0,0.0,-35.423308537017355,-1062.6992561105205,0.0,0,0,0,1056204.8500778093,-1062.6992561105205,1.056200098250885
246,2020-07-20 14:00:00,5614.0,5622.0,5560.0,5564.0,[],[],0.0,0.0,-35.423308537017355,8855.82713425434,0.0,0,0,0,1065060.6772120637,8855.82713425434,1.0650559253851393
247,2020-07-21 09:00:00,5570.0,5588.0,5552.0,5572.0,[],[],0.0,0.0,-35.423308537017355,-1416.9323414806943,0.0,0,0,0,1063643.744870583,-1416.9323414806943,1.0636389930436585
248,2020-07-21 10:00:00,5572.0,5578.0,5564.0,5564.0,[],[],0.0,0.0,-35.423308537017355,1416.9323414806943,0.0,0,0,0,1065060.6772120637,1416.9323414806943,1.0650559253851393
249,2020-07-21 11:00:00,5564.0,5576.0,5564.0,5566.0,[],[],0.0,0.0,-35.423308537017355,-354.23308537017357,0.0,0,0,0,1064706.4441266935,-354.23308537017357,1.0647016922997692
250,2020-07-21 13:00:00,5568.0,5570.0,5544.0,5554.0,[],[],0.0,0.0,-35.423308537017355,2125.398512221041,0.0,0,0,0,1066831.8426389145,2125.398512221041,1.0668270908119901
251,2020-07-21 14:00:00,5554.0,5576.0,5550.0,5576.0,[],[],0.0,0.0,-35.423308537017355,-3896.5639390719093,0.0,0,0,0,1062935.2786998425,-3896.5639390719093,1.0629305268729183
252,2020-07-22 09:00:00,5588.0,5596.0,5532.0,5534.0,[],[],-1.0,0.0,-35.423308537017355,7438.894792773644,0.0,0,0,0,1070374.173492616,7438.894792773644,1.0703694216656918
253,2020-07-22 10:00:00,5534.0,5548.0,5526.0,5540.0,[],[],0.0,0.0,-35.423308537017355,-1062.6992561105205,0.0,0,0,0,1069311.4742365056,-1062.6992561105205,1.0693067224095814
254,2020-07-22 11:00:00,5540.0,5552.0,5536.0,5536.0,[],[],0.0,0.0,-35.423308537017355,708.4661707403471,0.0,0,0,0,1070019.940407246,708.4661707403471,1.0700151885803217
255,2020-07-22 13:00:00,5536.0,5550.0,5532.0,5548.0,[],[],0.0,0.0,-35.423308537017355,-2125.398512221041,0.0,0,0,0,1067894.541895025,-2125.398512221041,1.0678897900681008
256,2020-07-22 14:00:00,5548.0,5548.0,5530.0,5534.0,[],[],0.0,0.0,-35.423308537017355,2479.631597591215,0.0,0,0,0,1070374.173492616,2479.631597591215,1.0703694216656918
257,2020-07-23 09:00:00,5556.0,5578.0,5536.0,5576.0,[],[],0.0,0.0,-35.423308537017355,-7438.894792773644,0.0,0,0,0,1062935.2786998423,-7438.894792773644,1.0629305268729183
258,2020-07-23 10:00:00,5576.0,5580.0,5552.0,5558.0,[],[],0.0,0.0,-35.423308537017355,3188.0977683315623,0.0,0,0,0,1066123.376468174,3188.0977683315623,1.0661186246412497
259,2020-07-23 11:00:00,5558.0,5588.0,5556.0,5586.0,[],[],0.0,0.0,-35.423308537017355,-4959.26319518243,0.0,0,0,0,1061164.1132729915,-4959.26319518243,1.0611593614460675
260,2020-07-23 13:00:00,5584.0,5598.0,5584.0,5596.0,[],[],0.0,0.0,-35.423308537017355,-1771.1654268508678,0.0,0,0,0,1059392.9478461407,-1771.1654268508678,1.0593881960192166
261,2020-07-23 14:00:00,5596.0,5604.0,5576.0,5602.0,[],[],0.0,0.0,-35.423308537017355,-1062.6992561105205,0.0,0,0,0,1058330.2485900302,-1062.6992561105205,1.058325496763106
262,2020-07-24 09:00:00,5590.0,5620.0,5576.0,5594.0,[],[],0.0,0.0,-35.423308537017355,1416.9323414806943,0.0,0,0,0,1059747.1809315109,1416.9323414806943,1.0597424291045867
263,2020-07-24 10:00:00,5596.0,5604.0,5560.0,5568.0,[],[],0.0,0.0,-35.423308537017355,4605.030109812256,0.0,0,0,0,1064352.2110413231,4605.030109812256,1.0643474592143989
264,2020-07-24 11:00:00,5568.0,5572.0,5542.0,5550.0,[],[],-1.0,0.0,-35.423308537017355,3188.0977683315623,0.0,0,0,0,1067540.3088096548,3188.0977683315623,1.0675355569827305
265,2020-07-24 13:00:00,5550.0,5564.0,5544.0,5550.0,[],[],0.0,0.0,-35.423308537017355,0.0,0.0,0,0,0,1067540.3088096548,0.0,1.0675355569827305
266,2020-07-24 14:00:00,5550.0,5554.0,5510.0,5514.0,[],[],-1.0,0.0,-35.423308537017355,6376.195536663125,0.0,0,0,0,1073916.5043463178,6376.195536663125,1.0739117525193937
267,2020-07-27 09:00:00,5530.0,5530.0,5466.0,5498.0,[],[],0.0,0.0,-35.423308537017355,2833.8646829613886,0.0,0,0,0,1076750.3690292793,2833.8646829613886,1.076745617202355
268,2020-07-27 10:00:00,5498.0,5500.0,5484.0,5490.0,[],[],0.0,0.0,-35.423308537017355,1416.9323414806943,0.0,0,0,0,1078167.30137076,1416.9323414806943,1.0781625495438358
269,2020-07-27 11:00:00,5490.0,5520.0,5490.0,5518.0,[],[],0.0,0.0,-35.423308537017355,-4959.26319518243,0.0,0,0,0,1073208.0381755775,-4959.26319518243,1.0732032863486534
270,2020-07-27 13:00:00,5514.0,5534.0,5512.0,5534.0,[],[],0.0,0.0,-35.423308537017355,-2833.8646829613886,0.0,0,0,0,1070374.173492616,-2833.8646829613886,1.070369421665692
271,2020-07-27 14:00:00,5534.0,5550.0,5524.0,5540.0,[],[],0.0,0.0,-35.423308537017355,-1062.6992561105205,0.0,0,0,0,1069311.4742365056,-1062.6992561105205,1.0693067224095814
272,2020-07-28 09:00:00,5556.0,5580.0,5538.0,5542.0,[],[],0.0,0.0,-35.423308537017355,-354.23308537017357,0.0,0,0,0,1068957.2411511354,-354.23308537017357,1.0689524893242113
273,2020-07-28 10:00:00,5542.0,5564.0,5530.0,5562.0,[],[],0.0,0.0,-35.423308537017355,-3542.3308537017356,0.0,0,0,0,1065414.9102974336,-3542.3308537017356,1.0654101584705096
274,2020-07-28 11:00:00,5562.0,5572.0,5550.0,5572.0,[],[],0.0,0.0,-35.423308537017355,-1771.1654268508678,0.0,0,0,0,1063643.7448705828,-1771.1654268508678,1.0636389930436587
275,2020-07-28 13:00:00,5572.0,5586.0,5568.0,5580.0,[],[],0.0,0.0,-35.423308537017355,-1416.9323414806943,0.0,0,0,0,1062226.8125291022,-1416.9323414806943,1.062222060702178
276,2020-07-28 14:00:00,5580.0,5584.0,5562.0,5564.0,[],[],0.0,0.0,-35.423308537017355,2833.8646829613886,0.0,0,0,0,1065060.6772120637,2833.8646829613886,1.0650559253851393
277,2020-07-29 09:00:00,5552.0,5582.0,5538.0,5580.0,[],[],0.0,0.0,-35.423308537017355,-2833.8646829613886,0.0,0,0,0,1062226.8125291022,-2833.8646829613886,1.062222060702178
278,2020-07-29 10:00:00,5580.0,5604.0,5568.0,5590.0,[],[],0.0,0.0,-35.423308537017355,-1771.1654268508678,0.0,0,0,0,1060455.6471022514,-1771.1654268508678,1.060450895275327
279,2020-07-29 11:00:00,5588.0,5596.0,5570.0,5578.0,[],[],0.0,0.0,-35.423308537017355,2125.398512221041,0.0,0,0,0,1062581.0456144724,2125.398512221041,1.062576293787548
280,2020-07-29 13:00:00,5578.0,5580.0,5550.0,5558.0,[],[],-1.0,0.0,-35.423308537017355,3542.3308537017356,0.0,0,0,0,1066123.3764681742,3542.3308537017356,1.06611862464125
281,2020-07-29 14:00:00,5558.0,5564.0,5540.0,5544.0,[],[],-1.0,0.0,-35.423308537017355,2479.631597591215,0.0,0,0,0,1068603.0080657653,2479.631597591215,1.068598256238841
282,2020-07-30 09:00:00,5552.0,5582.0,5542.0,5570.0,[],[],0.0,0.0,-35.423308537017355,-4605.030109812256,0.0,0,0,0,1063997.977955953,-4605.030109812256,1.0639932261290288
283,2020-07-30 10:00:00,5570.0,5588.0,5570.0,5586.0,[],[],0.0,0.0,-35.423308537017355,-2833.8646829613886,0.0,0,0,0,1061164.1132729915,-2833.8646829613886,1.0611593614460675
284,2020-07-30 11:00:00,5586.0,5592.0,5564.0,5564.0,[],[],0.0,0.0,-35.423308537017355,3896.5639390719093,0.0,0,0,0,1065060.6772120635,3896.5639390719093,1.0650559253851393
285,2020-07-30 13:00:00,5564.0,5584.0,5564.0,5578.0,[],[],0.0,0.0,-35.423308537017355,-2479.631597591215,0.0,0,0,0,1062581.0456144721,-2479.631597591215,1.062576293787548
286,2020-07-30 14:00:00,5578.0,5588.0,5574.0,5584.0,[],[],0.0,0.0,-35.423308537017355,-1062.6992561105205,0.0,0,0,0,1061518.3463583617,-1062.6992561105205,1.0615135945314376
287,2020-07-31 09:00:00,5606.0,5606.0,5566.0,5570.0,[],[],0.0,0.0,-35.423308537017355,2479.631597591215,0.0,0,0,0,1063997.9779559528,2479.631597591215,1.0639932261290288
288,2020-07-31 10:00:00,5570.0,5572.0,5544.0,5552.0,[],[],-1.0,0.0,-35.423308537017355,3188.0977683315623,0.0,0,0,0,1067186.0757242844,3188.0977683315623,1.0671813238973604
289,2020-07-31 11:00:00,5550.0,5552.0,5542.0,5544.0,[],[],-1.0,0.0,-35.423308537017355,1416.9323414806943,0.0,0,0,0,1068603.008065765,1416.9323414806943,1.068598256238841
290,2020-07-31 13:00:00,5544.0,5548.0,5528.0,5532.0,[],[],0.0,0.0,-35.423308537017355,2125.398512221041,0.0,0,0,0,1070728.406577986,2125.398512221041,1.0707236547510621
291,2020-07-31 14:00:00,5532.0,5560.0,5526.0,5530.0,[],[],0.0,0.0,-35.423308537017355,354.23308537017357,0.0,0,0,0,1071082.6396633561,354.23308537017357,1.0710778878364322
292,2020-08-03 09:00:00,5530.0,5564.0,5520.0,5558.0,[],[],0.0,0.0,-35.423308537017355,-4959.26319518243,0.0,0,0,0,1066123.3764681737,-4959.26319518243,1.06611862464125
293,2020-08-03 10:00:00,5558.0,5570.0,5540.0,5556.0,[],[],0.0,0.0,-35.423308537017355,354.23308537017357,0.0,0,0,0,1066477.6095535439,354.23308537017357,1.06647285772662
294,2020-08-03 11:00:00,5554.0,5556.0,5532.0,5542.0,[],[],0.0,0.0,-35.423308537017355,2479.631597591215,0.0,0,0,0,1068957.241151135,2479.631597591215,1.0689524893242113
295,2020-08-03 13:00:00,5542.0,5552.0,5540.0,5546.0,[],[],0.0,0.0,-35.423308537017355,-708.4661707403471,0.0,0,0,0,1068248.7749803946,-708.4661707403471,1.068244023153471
296,2020-08-03 14:00:00,5546.0,5572.0,5546.0,5570.0,[],[],0.0,0.0,-35.423308537017355,-4250.797024442082,0.0,0,0,0,1063997.9779559525,-4250.797024442082,1.0639932261290288
297,2020-08-04 09:00:00,5576.0,5698.0,5570.0,5672.0,[],[],0.0,0.0,-35.423308537017355,-18065.887353878854,0.0,0,0,0,1045932.0906020737,-18065.887353878854,1.04592733877515
298,2020-08-04 10:00:00,5672.0,5698.0,5658.0,5676.0,[],[],0.0,0.0,-35.423308537017355,-708.4661707403471,0.0,0,0,0,1045223.6244313334,-708.4661707403471,1.0452188726044096
299,2020-08-04 11:00:00,5678.0,5698.0,5666.0,5698.0,[],[],0.0,0.0,-35.423308537017355,-3896.5639390719093,0.0,0,0,0,1041327.0604922614,-3896.5639390719093,1.0413223086653378
300,2020-08-04 13:00:00,5698.0,5764.0,5694.0,5746.0,[],[],0.0,0.0,-35.423308537017355,-8501.594048884164,0.0,0,0,0,1032825.4664433773,-8501.594048884164,1.0328207146164536
301,2020-08-04 14:00:00,5746.0,5872.0,5716.0,5724.0,[],[],0.0,0.0,-35.423308537017355,3896.5639390719093,0.0,0,0,0,1036722.0303824493,3896.5639390719093,1.0367172785555254
302,2020-08-05 09:00:00,5716.0,5770.0,5706.0,5728.0,[],[],0.0,0.0,-35.423308537017355,-708.4661707403471,0.0,0,0,0,1036013.564211709,-708.4661707403471,1.036008812384785
303,2020-08-05 10:00:00,5728.0,5748.0,5684.0,5730.0,[],[],0.0,0.0,-35.423308537017355,-354.23308537017357,0.0,0,0,0,1035659.3311263388,-354.23308537017357,1.035654579299415
304,2020-08-05 11:00:00,5732.0,5752.0,5712.0,5714.0,[],[],0.0,0.0,-35.423308537017355,2833.8646829613886,0.0,0,0,0,1038493.1958093002,2833.8646829613886,1.0384884439823763
305,2020-08-05 13:00:00,5714.0,5726.0,5698.0,5702.0,[],[],-1.0,0.0,-35.423308537017355,2125.398512221041,0.0,0,0,0,1040618.5943215212,2125.398512221041,1.0406138424945974
306,2020-08-05 14:00:00,5702.0,5710.0,5646.0,5662.0,[],[],-1.0,0.0,-35.423308537017355,7084.661707403471,0.0,0,0,0,1047703.2560289247,7084.661707403471,1.0476985042020008
307,2020-08-06 09:00:00,5676.0,5726.0,5676.0,5708.0,[],[],0.0,0.0,-35.423308537017355,-8147.360963513992,0.0,0,0,0,1039555.8950654108,-8147.360963513992,1.0395511432384867
308,2020-08-06 10:00:00,5708.0,5720.0,5690.0,5700.0,[],[],0.0,0.0,-35.423308537017355,1416.9323414806943,0.0,0,0,0,1040972.8274068915,1416.9323414806943,1.0409680755799675
309,2020-08-06 11:00:00,5700.0,5706.0,5690.0,5698.0,[],[],0.0,0.0,-35.423308537017355,354.23308537017357,0.0,0,0,0,1041327.0604922617,354.23308537017357,1.0413223086653378
310,2020-08-06 13:00:00,5698.0,5698.0,5662.0,5666.0,[],[],0.0,0.0,-35.423308537017355,5667.729365922777,0.0,0,0,0,1046994.7898581844,5667.729365922777,1.0469900380312605
311,2020-08-06 14:00:00,5666.0,5684.0,5616.0,5624.0,[],[],-1.0,0.0,-35.423308537017355,7438.894792773644,0.0,0,0,0,1054433.684650958,7438.894792773644,1.0544289328240342
312,2020-08-07 09:00:00,5644.0,5670.0,5620.0,5660.0,[],[],0.0,0.0,-35.423308537017355,-6376.195536663125,0.0,0,0,0,1048057.4891142949,-6376.195536663125,1.048052737287371
313,2020-08-07 10:00:00,5660.0,5670.0,5638.0,5654.0,[],[],0.0,0.0,-35.423308537017355,1062.6992561105205,0.0,0,0,0,1049120.1883704055,1062.6992561105205,1.0491154365434816
314,2020-08-07 11:00:00,5654.0,5670.0,5642.0,5660.0,[],[],0.0,0.0,-35.423308537017355,-1062.6992561105205,0.0,0,0,0,1048057.489114295,-1062.6992561105205,1.048052737287371
315,2020-08-07 13:00:00,5658.0,5666.0,5630.0,5656.0,[],[],0.0,0.0,-35.423308537017355,708.4661707403471,0.0,0,0,0,1048765.9552850353,708.4661707403471,1.0487612034581113
316,2020-08-07 14:00:00,5656.0,5674.0,5644.0,5660.0,[],[],0.0,0.0,-35.423308537017355,-708.4661707403471,0.0,0,0,0,1048057.489114295,-708.4661707403471,1.048052737287371
317,2020-08-10 09:00:00,5646.0,5772.0,5644.0,5726.0,[],[],0.0,0.0,-35.423308537017355,-11689.691817215727,0.0,0,0,0,1036367.7972970792,-11689.691817215727,1.0363630454701553
318,2020-08-10 10:00:00,5726.0,5746.0,5712.0,5720.0,[],[],0.0,0.0,-35.423308537017355,1062.6992561105205,0.0,0,0,0,1037430.4965531897,1062.6992561105205,1.0374257447262658
319,2020-08-10 11:00:00,5720.0,5750.0,5720.0,5734.0,[],[],0.0,0.0,-35.423308537017355,-2479.631597591215,0.0,0,0,0,1034950.8649555985,-2479.631597591215,1.0349461131286746
320,2020-08-10 13:00:00,5736.0,5750.0,5724.0,5732.0,[],[],0.0,0.0,-35.423308537017355,354.23308537017357,0.0,0,0,0,1035305.0980409686,354.23308537017357,1.0353003462140447
321,2020-08-10 14:00:00,5734.0,5746.0,5692.0,5714.0,[],[],0.0,0.0,-35.423308537017355,3188.0977683315623,0.0,0,0,0,1038493.1958093002,3188.0977683315623,1.0384884439823763
322,2020-08-11 09:00:00,5708.0,5748.0,5700.0,5726.0,[],[],0.0,0.0,-35.423308537017355,-2125.398512221041,0.0,0,0,0,1036367.7972970791,-2125.398512221041,1.0363630454701553
323,2020-08-11 10:00:00,5726.0,5776.0,5718.0,5764.0,[],[],0.0,0.0,-35.423308537017355,-6730.428622033297,0.0,0,0,0,1029637.3686750458,-6730.428622033297,1.029632616848122
324,2020-08-11 11:00:00,5764.0,5768.0,5728.0,5758.0,[],[],0.0,0.0,-35.423308537017355,1062.6992561105205,0.0,0,0,0,1030700.0679311563,1062.6992561105205,1.0306953161042325
325,2020-08-11 13:00:00,5760.0,5774.0,5744.0,5752.0,[],[],0.0,0.0,-35.423308537017355,1062.6992561105205,0.0,0,0,0,1031762.7671872667,1062.6992561105205,1.031758015360343
326,2020-08-11 14:00:00,5752.0,5756.0,5696.0,5732.0,[],[],0.0,0.0,-35.423308537017355,3542.3308537017356,0.0,0,0,0,1035305.0980409684,3542.3308537017356,1.0353003462140447
327,2020-08-12 09:00:00,5736.0,5748.0,5698.0,5718.0,[],[],0.0,0.0,-35.423308537017355,2479.631597591215,0.0,0,0,0,1037784.7296385596,2479.631597591215,1.037779977811636
328,2020-08-12 10:00:00,5718.0,5754.0,5710.0,5740.0,[],[],0.0,0.0,-35.423308537017355,-3896.5639390719093,0.0,0,0,0,1033888.1656994877,-3896.5639390719093,1.033883413872564
329,2020-08-12 11:00:00,5740.0,5760.0,5738.0,5748.0,[],[],0.0,0.0,-35.423308537017355,-1416.9323414806943,0.0,0,0,0,1032471.2333580069,-1416.9323414806943,1.0324664815310833
330,2020-08-12 13:00:00,5750.0,5774.0,5736.0,5744.0,[],[],0.0,0.0,-35.423308537017355,708.4661707403471,0.0,0,0,0,1033179.6995287472,708.4661707403471,1.0331749477018237
331,2020-08-12 14:00:00,5746.0,5770.0,5726.0,5750.0,[],[],0.0,0.0,-35.423308537017355,-1062.6992561105205,0.0,0,0,0,1032117.0002726368,-1062.6992561105205,1.0321122484457133
332,2020-08-13 09:00:00,5770.0,5800.0,5742.0,5786.0,[],[],0.0,0.0,-35.423308537017355,-6376.195536663125,0.0,0,0,0,1025740.8047359736,-6376.195536663125,1.02573605290905
333,2020-08-13 10:00:00,5788.0,5806.0,5742.0,5756.0,[],[],0.0,0.0,-35.423308537017355,5313.496280552604,0.0,0,0,0,1031054.3010165262,5313.496280552604,1.0310495491896028
334,2020-08-13 11:00:00,5756.0,5762.0,5744.0,5744.0,[],[],0.0,0.0,-35.423308537017355,2125.398512221041,0.0,0,0,0,1033179.6995287472,2125.398512221041,1.0331749477018237
335,2020-08-13 13:00:00,5746.0,5748.0,5718.0,5730.0,[],[],0.0,0.0,-35.423308537017355,2479.631597591215,0.0,0,0,0,1035659.3311263385,2479.631597591215,1.035654579299415
336,2020-08-13 14:00:00,5730.0,5748.0,5726.0,5746.0,[],[],0.0,0.0,-35.423308537017355,-2833.8646829613886,0.0,0,0,0,1032825.4664433771,-2833.8646829613886,1.0328207146164536
337,2020-08-14 09:00:00,5740.0,5764.0,5682.0,5704.0,[],[],-1.0,0.0,-35.423308537017355,7438.894792773644,0.0,0,0,0,1040264.3612361507,7438.894792773644,1.0402596094092271
338,2020-08-14 10:00:00,5706.0,5724.0,5688.0,5702.0,[],[],0.0,0.0,-35.423308537017355,354.23308537017357,0.0,0,0,0,1040618.5943215209,354.23308537017357,1.0406138424945974
339,2020-08-14 11:00:00,5704.0,5720.0,5700.0,5710.0,[],[],0.0,0.0,-35.423308537017355,-1416.9323414806943,0.0,0,0,0,1039201.6619800401,-1416.9323414806943,1.0391969101531167
340,2020-08-14 13:00:00,5710.0,5718.0,5700.0,5704.0,[],[],0.0,0.0,-35.423308537017355,1062.6992561105205,0.0,0,0,0,1040264.3612361506,1062.6992561105205,1.0402596094092271
341,2020-08-14 14:00:00,5706.0,5724.0,5700.0,5710.0,[],[],0.0,0.0,-35.423308537017355,-1062.6992561105205,0.0,0,0,0,1039201.6619800401,-1062.6992561105205,1.0391969101531167
342,2020-08-17 09:00:00,5710.0,5758.0,5702.0,5704.0,[],[],0.0,0.0,-35.423308537017355,1062.6992561105205,0.0,0,0,0,1040264.3612361506,1062.6992561105205,1.0402596094092271
343,2020-08-17 10:00:00,5704.0,5728.0,5692.0,5722.0,[],[],0.0,0.0,-35.423308537017355,-3188.0977683315623,0.0,0,0,0,1037076.2634678191,-3188.0977683315623,1.0370715116408957
344,2020-08-17 11:00:00,5722.0,5736.0,5722.0,5728.0,[],[],0.0,0.0,-35.423308537017355,-1062.6992561105205,0.0,0,0,0,1036013.5642117086,-1062.6992561105205,1.036008812384785
345,2020-08-17 13:00:00,5728.0,5740.0,5712.0,5730.0,[],[],0.0,0.0,-35.423308537017355,-354.23308537017357,0.0,0,0,0,1035659.3311263385,-354.23308537017357,1.035654579299415
346,2020-08-17 14:00:00,5730.0,5738.0,5714.0,5730.0,[],[],0.0,0.0,-35.423308537017355,0.0,0.0,0,0,0,1035659.3311263385,0.0,1.035654579299415
347,2020-08-18 09:00:00,5730.0,5746.0,5670.0,5678.0,[],[],-1.0,0.0,-35.423308537017355,9210.060219624513,0.0,0,0,0,1044869.391345963,9210.060219624513,1.0448646395190395
348,2020-08-18 10:00:00,5678.0,5678.0,5652.0,5666.0,[],[],-1.0,0.0,-35.423308537017355,2125.398512221041,0.0,0,0,0,1046994.789858184,2125.398512221041,1.0469900380312605
349,2020-08-18 11:00:00,5666.0,5680.0,5664.0,5674.0,[],[],0.0,0.0,-35.423308537017355,-1416.9323414806943,0.0,0,0,0,1045577.8575167033,-1416.9323414806943,1.04557310568978
350,2020-08-18 13:00:00,5674.0,5682.0,5664.0,5672.0,[],[],0.0,0.0,-35.423308537017355,354.23308537017357,0.0,0,0,0,1045932.0906020735,354.23308537017357,1.04592733877515
351,2020-08-18 14:00:00,5674.0,5710.0,5658.0,5708.0,[],[],0.0,0.0,-35.423308537017355,-6376.195536663125,0.0,0,0,0,1039555.8950654103,-6376.195536663125,1.0395511432384867
352,2020-08-19 09:00:00,5740.0,5876.0,5724.0,5780.0,[],[],0.0,0.0,-35.423308537017355,-12752.39107332625,0.0,0,0,0,1026803.5039920841,-12752.39107332625,1.0267987521651607
353,2020-08-19 10:00:00,5778.0,5824.0,5778.0,5808.0,[],[],0.0,0.0,-35.423308537017355,-4959.26319518243,0.0,0,0,0,1021844.2407969016,-4959.26319518243,1.0218394889699782
354,2020-08-19 11:00:00,5808.0,5826.0,5796.0,5798.0,[],[],0.0,0.0,-35.423308537017355,1771.1654268508678,0.0,0,0,0,1023615.4062237525,1771.1654268508678,1.023610654396829
355,2020-08-19 13:00:00,5800.0,5808.0,5776.0,5782.0,[],[],0.0,0.0,-35.423308537017355,2833.8646829613886,0.0,0,0,0,1026449.2709067139,2833.8646829613886,1.0264445190797904
356,2020-08-19 14:00:00,5782.0,5790.0,5758.0,5788.0,[],[],0.0,0.0,-35.423308537017355,-1062.6992561105205,0.0,0,0,0,1025386.5716506034,-1062.6992561105205,1.02538181982368
357,2020-08-20 09:00:00,5770.0,5812.0,5770.0,5804.0,[],[],0.0,0.0,-35.423308537017355,-2833.8646829613886,0.0,0,0,0,1022552.7069676421,-2833.8646829613886,1.0225479551407186
358,2020-08-20 10:00:00,5804.0,5808.0,5764.0,5772.0,[],[],-1.0,0.0,-35.423308537017355,5667.729365922777,0.0,0,0,0,1028220.4363335648,5667.729365922777,1.0282156845066412
359,2020-08-20 11:00:00,5772.0,5774.0,5758.0,5770.0,[],[],0.0,0.0,-35.423308537017355,354.23308537017357,0.0,0,0,0,1028574.669418935,354.23308537017357,1.0285699175920116
360,2020-08-20 13:00:00,5772.0,5788.0,5762.0,5776.0,[],[],0.0,0.0,-35.423308537017355,-1062.6992561105205,0.0,0,0,0,1027511.9701628245,-1062.6992561105205,1.0275072183359009
361,2020-08-20 14:00:00,5776.0,5780.0,5764.0,5768.0,[],[],0.0,0.0,-35.423308537017355,1416.9323414806943,0.0,0,0,0,1028928.9025043052,1416.9323414806943,1.0289241506773816
362,2020-08-21 09:00:00,5778.0,5798.0,5766.0,5784.0,[],[],0.0,0.0,-35.423308537017355,-2833.8646829613886,0.0,0,0,0,1026095.0378213439,-2833.8646829613886,1.0260902859944203
363,2020-08-21 10:00:00,5786.0,5824.0,5786.0,5810.0,[],[],0.0,0.0,-35.423308537017355,-4605.030109812256,0.0,0,0,0,1021490.0077115316,-4605.030109812256,1.021485255884608
364,2020-08-21 11:00:00,5810.0,5838.0,5798.0,5834.0,[],[],0.0,0.0,-35.423308537017355,-4250.797024442082,0.0,0,0,0,1017239.2106870895,-4250.797024442082,1.0172344588601658
365,2020-08-21 13:00:00,5834.0,5846.0,5824.0,5834.0,[],[],0.0,0.0,-35.423308537017355,0.0,0.0,0,0,0,1017239.2106870895,0.0,1.0172344588601658
366,2020-08-21 14:00:00,5832.0,5862.0,5810.0,5824.0,[],[],0.0,0.0,-35.423308537017355,1771.1654268508678,0.0,0,0,0,1019010.3761139404,1771.1654268508678,1.0190056242870167
367,2020-08-24 09:00:00,5804.0,5862.0,5770.0,5778.0,[],[],0.0,0.0,-35.423308537017355,8147.360963513992,0.0,0,0,0,1027157.7370774543,8147.360963513992,1.0271529852505308
368,2020-08-24 10:00:00,5778.0,5804.0,5772.0,5778.0,[],[],0.0,0.0,-35.423308537017355,0.0,0.0,0,0,0,1027157.7370774543,0.0,1.0271529852505308
369,2020-08-24 11:00:00,5778.0,5794.0,5772.0,5782.0,[],[],0.0,0.0,-35.423308537017355,-708.4661707403471,0.0,0,0,0,1026449.270906714,-708.4661707403471,1.0264445190797904
370,2020-08-24 13:00:00,5782.0,5796.0,5772.0,5790.0,[],[],0.0,0.0,-35.423308537017355,-1416.9323414806943,0.0,0,0,0,1025032.3385652333,-1416.9323414806943,1.0250275867383096
371,2020-08-24 14:00:00,5790.0,5792.0,5768.0,5772.0,[],[],0.0,0.0,-35.423308537017355,3188.0977683315623,0.0,0,0,0,1028220.4363335648,3188.0977683315623,1.0282156845066412
372,2020-08-25 09:00:00,5788.0,5788.0,5682.0,5684.0,[],[],-1.0,0.0,-35.423308537017355,15586.255756287637,0.0,0,0,0,1043806.6920898524,15586.255756287637,1.0438019402629288
373,2020-08-25 10:00:00,5682.0,5712.0,5676.0,5700.0,[],[],0.0,0.0,-35.423308537017355,-2833.8646829613886,0.0,0,0,0,1040972.827406891,-2833.8646829613886,1.0409680755799675
374,2020-08-25 11:00:00,5700.0,5708.0,5688.0,5690.0,[],[],0.0,0.0,-35.423308537017355,1771.1654268508678,0.0,0,0,0,1042743.9928337419,1771.1654268508678,1.0427392410068184
375,2020-08-25 13:00:00,5690.0,5696.0,5674.0,5680.0,[],[],-1.0,0.0,-35.423308537017355,1771.1654268508678,0.0,0,0,0,1044515.1582605928,1771.1654268508678,1.0445104064336692
376,2020-08-25 14:00:00,5680.0,5706.0,5676.0,5688.0,[],[],-1.0,0.0,-35.423308537017355,-1416.9323414806943,0.0,0,0,0,1043098.2259191121,-1416.9323414806943,1.0430934740921887
377,2020-08-26 09:00:00,5696.0,5712.0,5670.0,5684.0,[],[],-1.0,0.0,-35.423308537017355,708.4661707403471,0.0,0,0,0,1043806.6920898524,708.4661707403471,1.0438019402629288
378,2020-08-26 10:00:00,5682.0,5700.0,5682.0,5682.0,[],[],-1.0,0.0,-35.423308537017355,354.23308537017357,0.0,0,0,0,1044160.9251752226,354.23308537017357,1.0441561733482991
379,2020-08-26 11:00:00,5682.0,5694.0,5680.0,5688.0,[],[],-1.0,0.0,-35.423308537017355,-1062.6992561105205,0.0,0,0,0,1043098.2259191121,-1062.6992561105205,1.0430934740921887
380,2020-08-26 13:00:00,5690.0,5692.0,5672.0,5674.0,[],[],-1.0,0.0,-35.423308537017355,2479.631597591215,0.0,0,0,0,1045577.8575167033,2479.631597591215,1.04557310568978
381,2020-08-26 14:00:00,5674.0,5682.0,5666.0,5680.0,[],[],-1.0,0.0,-35.423308537017355,-1062.6992561105205,0.0,0,0,0,1044515.1582605928,-1062.6992561105205,1.0445104064336692
382,2020-08-27 09:00:00,5700.0,5726.0,5694.0,5714.0,[],[],1.0,1.0,-35.423308537017355,-6021.9624512929495,0.0,0,0,0,1038493.1958092999,-6021.9624512929495,1.0384884439823763
383,2020-08-27 10:00:00,5716.0,5750.0,5714.0,5748.0,"[5714.0, 5714.0]","['2020-08-27 10:00:00', '2020-08-27 10:00:00']",1.0,0.0,35.00175008750438,5950.297514875745,163.46153846153848,0,0,0,1044280.0317857142,5786.835976414207,1.0442752799587904
384,2020-08-27 11:00:00,5748.0,5778.0,5748.0,5758.0,[],[],0.0,0.0,35.00175008750438,1750.087504375219,0.0,0,0,0,1046030.1192900895,1750.087504375219,1.0460253674631657
385,2020-08-27 13:00:00,5758.0,5776.0,5734.0,5744.0,[],[],0.0,0.0,35.00175008750438,-2450.1225061253062,0.0,0,0,0,1043579.9967839641,-2450.1225061253062,1.0435752449570403
386,2020-08-27 14:00:00,5742.0,5760.0,5726.0,5744.0,[],[],0.0,0.0,35.00175008750438,0.0,0.0,0,0,0,1043579.9967839641,0.0,1.0435752449570403
387,2020-08-28 09:00:00,5732.0,5764.0,5718.0,5732.0,[],[],0.0,0.0,35.00175008750438,-2100.1050052502624,0.0,0,0,0,1041479.8917787138,-2100.1050052502624,1.04147513995179
388,2020-08-28 10:00:00,5734.0,5742.0,5724.0,5730.0,[],[],0.0,0.0,35.00175008750438,-350.01750087504377,0.0,0,0,0,1041129.8742778387,-350.01750087504377,1.041125122450915
389,2020-08-28 11:00:00,5730.0,5734.0,5722.0,5724.0,[],[],0.0,0.0,35.00175008750438,-1050.0525026251312,0.0,0,0,0,1040079.8217752136,-1050.0525026251312,1.04007506994829
390,2020-08-28 13:00:00,5726.0,5738.0,5720.0,5722.0,[],[],0.0,0.0,35.00175008750438,-350.01750087504377,0.0,0,0,0,1039729.8042743385,-350.01750087504377,1.0397250524474149
391,2020-08-28 14:00:00,5722.0,5740.0,5718.0,5726.0,[],[],0.0,0.0,35.00175008750438,700.0350017500875,0.0,0,0,0,1040429.8392760886,700.0350017500875,1.040425087449165
392,2020-08-31 09:00:00,5748.0,5812.0,5738.0,5786.0,[],[],0.0,0.0,35.00175008750438,10500.525026251311,0.0,0,0,0,1050930.36430234,10500.525026251311,1.0509256124754163
393,2020-08-31 10:00:00,5784.0,5796.0,5772.0,5780.0,[],[],0.0,0.0,35.00175008750438,-1050.0525026251312,0.0,0,0,0,1049880.3117997148,-1050.0525026251312,1.0498755599727911
394,2020-08-31 11:00:00,5780.0,5790.0,5776.0,5778.0,[],[],0.0,0.0,35.00175008750438,-350.01750087504377,0.0,0,0,0,1049530.2942988398,-350.01750087504377,1.049525542471916
395,2020-08-31 13:00:00,5778.0,5800.0,5778.0,5798.0,[],[],0.0,0.0,35.00175008750438,3500.175008750438,0.0,0,0,0,1053030.4693075903,3500.175008750438,1.0530257174806665
396,2020-08-31 14:00:00,5796.0,5802.0,5764.0,5786.0,[],[],0.0,0.0,35.00175008750438,-2100.1050052502624,0.0,0,0,0,1050930.36430234,-2100.1050052502624,1.0509256124754163
397,2020-09-01 09:00:00,5780.0,5808.0,5718.0,5800.0,[],[],0.0,0.0,35.00175008750438,2450.1225061253062,0.0,0,0,0,1053380.4868084653,2450.1225061253062,1.0533757349815416
398,2020-09-01 10:00:00,5800.0,5850.0,5794.0,5848.0,[],[],0.0,0.0,35.00175008750438,8400.42002100105,0.0,0,0,0,1061780.9068294663,8400.42002100105,1.0617761550025426
399,2020-09-01 11:00:00,5848.0,5858.0,5820.0,5830.0,[],[],0.0,0.0,35.00175008750438,-3150.157507875394,0.0,0,0,0,1058630.7493215909,-3150.157507875394,1.0586259974946672
400,2020-09-01 13:00:00,5830.0,5846.0,5820.0,5838.0,[],[],0.0,0.0,35.00175008750438,1400.070003500175,0.0,0,0,0,1060030.819325091,1400.070003500175,1.0600260674981674
401,2020-09-01 14:00:00,5840.0,5882.0,5838.0,5856.0,[],[],0.0,0.0,35.00175008750438,3150.157507875394,0.0,0,0,0,1063180.9768329666,3150.157507875394,1.0631762250060428
402,2020-09-02 09:00:00,5846.0,5908.0,5832.0,5836.0,[],[],0.0,0.0,35.00175008750438,-3500.175008750438,0.0,0,0,0,1059680.801824216,-3500.175008750438,1.0596760499972924
403,2020-09-02 10:00:00,5836.0,5838.0,5804.0,5824.0,[],[],0.0,0.0,35.00175008750438,-2100.1050052502624,0.0,0,0,0,1057580.6968189657,-2100.1050052502624,1.057575944992042
404,2020-09-02 11:00:00,5826.0,5826.0,5808.0,5812.0,[],[],-1.0,-1.0,35.00175008750438,-2100.1050052502624,0.0,0,0,0,1055480.5918137154,-2100.1050052502624,1.0554758399867918
405,2020-09-02 13:00:00,5814.0,5850.0,5812.0,5846.0,"[5818.0, 5818.0]","['2020-09-02 13:31:00', '2020-09-02 13:31:00']",0.0,0.0,-34.376074252320386,-3762.5978926997227,163.51748012425628,0,0,0,1051554.4764408914,-3926.1153728239788,1.051549724613968
406,2020-09-02 14:00:00,5846.0,5868.0,5836.0,5840.0,[],[],0.0,0.0,-34.376074252320386,1031.2822275696115,0.0,0,0,0,1052585.758668461,1031.2822275696115,1.0525810068415375
407,2020-09-03 09:00:00,5856.0,5924.0,5846.0,5920.0,[],[],0.0,0.0,-34.376074252320386,-13750.429700928154,0.0,0,0,0,1038835.328967533,-13750.429700928154,1.0388305771406094
408,2020-09-03 10:00:00,5918.0,5924.0,5818.0,5828.0,[],[],0.0,0.0,-34.376074252320386,15812.994156067378,0.0,0,0,0,1054648.3231236003,15812.994156067378,1.0546435712966769
409,2020-09-03 11:00:00,5828.0,5838.0,5812.0,5824.0,[],[],0.0,0.0,-34.376074252320386,687.5214850464077,0.0,0,0,0,1055335.8446086468,687.5214850464077,1.0553310927817232
410,2020-09-03 13:00:00,5826.0,5832.0,5808.0,5816.0,[],[],0.0,0.0,-34.376074252320386,1375.0429700928155,0.0,0,0,0,1056710.8875787396,1375.0429700928155,1.056706135751816
411,2020-09-03 14:00:00,5816.0,5816.0,5738.0,5738.0,[],[],-1.0,0.0,-34.376074252320386,13406.66895840495,0.0,0,0,0,1070117.5565371446,13406.66895840495,1.0701128047102209
412,2020-09-04 09:00:00,5744.0,5756.0,5702.0,5706.0,[],[],0.0,0.0,-34.376074252320386,5500.171880371262,0.0,0,0,0,1075617.7284175158,5500.171880371262,1.0756129765905922
413,2020-09-04 10:00:00,5706.0,5730.0,5694.0,5714.0,[],[],0.0,0.0,-34.376074252320386,-1375.0429700928155,0.0,0,0,0,1074242.685447423,-1375.0429700928155,1.0742379336204995
414,2020-09-04 11:00:00,5714.0,5718.0,5684.0,5706.0,[],[],0.0,0.0,-34.376074252320386,1375.0429700928155,0.0,0,0,0,1075617.7284175158,1375.0429700928155,1.0756129765905922
415,2020-09-04 13:00:00,5706.0,5706.0,5676.0,5690.0,[],[],0.0,0.0,-34.376074252320386,2750.085940185631,0.0,0,0,0,1078367.8143577015,2750.085940185631,1.0783630625307778
416,2020-09-04 14:00:00,5690.0,5708.0,5672.0,5686.0,[],[],0.0,0.0,-34.376074252320386,687.5214850464077,0.0,0,0,0,1079055.335842748,687.5214850464077,1.0790505840158242
417,2020-09-07 09:00:00,5708.0,5730.0,5692.0,5720.0,[],[],-1.0,0.0,-34.376074252320386,-5843.932622894465,0.0,0,0,0,1073211.4032198535,-5843.932622894465,1.0732066513929297
418,2020-09-07 10:00:00,5720.0,5720.0,5706.0,5712.0,[],[],-1.0,0.0,-34.376074252320386,1375.0429700928155,0.0,0,0,0,1074586.4461899463,1375.0429700928155,1.0745816943630226
419,2020-09-07 11:00:00,5712.0,5736.0,5710.0,5732.0,[],[],-1.0,0.0,-34.376074252320386,-3437.6074252320386,0.0,0,0,0,1071148.8387647143,-3437.6074252320386,1.0711440869377906
420,2020-09-07 13:00:00,5734.0,5736.0,5704.0,5704.0,[],[],-1.0,0.0,-34.376074252320386,4812.650395324854,0.0,0,0,0,1075961.4891600392,4812.650395324854,1.0759567373331154
421,2020-09-07 14:00:00,5704.0,5708.0,5686.0,5700.0,[],[],-1.0,0.0,-34.376074252320386,687.5214850464077,0.0,0,0,0,1076649.0106450857,687.5214850464077,1.076644258818162
422,2020-09-08 09:00:00,5716.0,5720.0,5640.0,5668.0,[],[],-1.0,0.0,-34.376074252320386,5500.171880371262,0.0,0,0,0,1082149.1825254569,5500.171880371262,1.082144430698533
423,2020-09-08 10:00:00,5666.0,5682.0,5658.0,5670.0,[],[],-1.0,0.0,-34.376074252320386,-343.7607425232039,0.0,0,0,0,1081805.4217829336,-343.7607425232039,1.0818006699560099
424,2020-09-08 11:00:00,5670.0,5680.0,5664.0,5676.0,[],[],-1.0,0.0,-34.376074252320386,-1031.2822275696115,0.0,0,0,0,1080774.139555364,-1031.2822275696115,1.0807693877284403
425,2020-09-08 13:00:00,5676.0,5688.0,5674.0,5680.0,[],[],-1.0,0.0,-34.376074252320386,-687.5214850464077,0.0,0,0,0,1080086.6180703174,-687.5214850464077,1.080081866243394
426,2020-09-08 14:00:00,5680.0,5684.0,5664.0,5674.0,[],[],-1.0,0.0,-34.376074252320386,1031.2822275696115,0.0,0,0,0,1081117.9002978872,1031.2822275696115,1.0811131484709635
427,2020-09-09 09:00:00,5662.0,5684.0,5630.0,5646.0,[],[],-1.0,0.0,-34.376074252320386,4812.650395324854,0.0,0,0,0,1085930.550693212,4812.650395324854,1.0859257988662883
428,2020-09-09 10:00:00,5644.0,5656.0,5630.0,5640.0,[],[],-1.0,0.0,-34.376074252320386,1031.2822275696115,0.0,0,0,0,1086961.8329207818,1031.2822275696115,1.086957081093858
429,2020-09-09 11:00:00,5640.0,5644.0,5632.0,5636.0,[],[],-1.0,0.0,-34.376074252320386,687.5214850464077,0.0,0,0,0,1087649.3544058283,687.5214850464077,1.0876446025789044
430,2020-09-09 13:00:00,5636.0,5648.0,5624.0,5634.0,[],[],-1.0,0.0,-34.376074252320386,343.7607425232039,0.0,0,0,0,1087993.1151483515,343.7607425232039,1.0879883633214276
431,2020-09-09 14:00:00,5634.0,5658.0,5634.0,5638.0,[],[],-1.0,0.0,-34.376074252320386,-687.5214850464077,0.0,0,0,0,1087305.593663305,-687.5214850464077,1.0873008418363812
432,2020-09-10 09:00:00,5652.0,5674.0,5646.0,5658.0,[],[],-1.0,0.0,-34.376074252320386,-3437.6074252320386,0.0,0,0,0,1083867.986238073,-3437.6074252320386,1.0838632344111492
433,2020-09-10 10:00:00,5656.0,5656.0,5636.0,5640.0,[],[],-1.0,0.0,-34.376074252320386,3093.846682708835,0.0,0,0,0,1086961.832920782,3093.846682708835,1.086957081093858
434,2020-09-10 11:00:00,5640.0,5640.0,5630.0,5634.0,[],[],-1.0,0.0,-34.376074252320386,1031.2822275696115,0.0,0,0,0,1087993.1151483518,1031.2822275696115,1.0879883633214276
435,2020-09-10 13:00:00,5636.0,5648.0,5634.0,5646.0,[],[],-1.0,0.0,-34.376074252320386,-2062.564455139223,0.0,0,0,0,1085930.5506932125,-2062.564455139223,1.0859257988662883
436,2020-09-10 14:00:00,5646.0,5658.0,5636.0,5642.0,[],[],-1.0,0.0,-34.376074252320386,687.5214850464077,0.0,0,0,0,1086618.072178259,687.5214850464077,1.0866133203513348
437,2020-09-11 09:00:00,5656.0,5662.0,5620.0,5648.0,[],[],-1.0,0.0,-34.376074252320386,-1031.2822275696115,0.0,0,0,0,1085586.7899506893,-1031.2822275696115,1.085582038123765
438,2020-09-11 10:00:00,5648.0,5662.0,5628.0,5628.0,[],[],-1.0,0.0,-34.376074252320386,3437.6074252320386,0.0,0,0,0,1089024.3973759213,3437.6074252320386,1.089019645548997
439,2020-09-11 11:00:00,5626.0,5628.0,5614.0,5620.0,[],[],-1.0,0.0,-34.376074252320386,1375.0429700928155,0.0,0,0,0,1090399.440346014,1375.0429700928155,1.09039468851909
440,2020-09-11 13:00:00,5618.0,5626.0,5600.0,5604.0,[],[],-1.0,0.0,-34.376074252320386,2750.085940185631,0.0,0,0,0,1093149.5262861997,2750.085940185631,1.0931447744592757
441,2020-09-11 14:00:00,5602.0,5616.0,5598.0,5608.0,[],[],-1.0,0.0,-34.376074252320386,-687.5214850464077,0.0,0,0,0,1092462.0048011532,-687.5214850464077,1.0924572529742291
442,2020-09-14 09:00:00,5626.0,5686.0,5616.0,5672.0,[],[],-1.0,0.0,-34.376074252320386,-11000.343760742524,0.0,0,0,0,1081461.6610404106,-11000.343760742524,1.0814569092134867
443,2020-09-14 10:00:00,5672.0,5674.0,5654.0,5668.0,[],[],0.0,0.0,-34.376074252320386,687.5214850464077,0.0,0,0,0,1082149.182525457,687.5214850464077,1.082144430698533
444,2020-09-14 11:00:00,5668.0,5668.0,5646.0,5660.0,[],[],0.0,0.0,-34.376074252320386,1375.0429700928155,0.0,0,0,0,1083524.2254955499,1375.0429700928155,1.083519473668626
445,2020-09-14 13:00:00,5660.0,5672.0,5654.0,5668.0,[],[],0.0,0.0,-34.376074252320386,-1375.0429700928155,0.0,0,0,0,1082149.182525457,-1375.0429700928155,1.082144430698533
446,2020-09-14 14:00:00,5668.0,5682.0,5650.0,5650.0,[],[],0.0,0.0,-34.376074252320386,3093.846682708835,0.0,0,0,0,1085243.029208166,3093.846682708835,1.085238277381242
447,2020-09-15 09:00:00,5650.0,5680.0,5624.0,5632.0,[],[],-1.0,0.0,-34.376074252320386,3093.846682708835,0.0,0,0,0,1088336.875890875,3093.846682708835,1.0883321240639507
448,2020-09-15 10:00:00,5634.0,5638.0,5610.0,5620.0,[],[],-1.0,0.0,-34.376074252320386,2062.564455139223,0.0,0,0,0,1090399.4403460142,2062.564455139223,1.09039468851909
449,2020-09-15 11:00:00,5622.0,5636.0,5620.0,5632.0,[],[],0.0,0.0,-34.376074252320386,-2062.564455139223,0.0,0,0,0,1088336.875890875,-2062.564455139223,1.0883321240639507
450,2020-09-15 13:00:00,5632.0,5650.0,5632.0,5644.0,[],[],0.0,0.0,-34.376074252320386,-2062.564455139223,0.0,0,0,0,1086274.3114357358,-2062.564455139223,1.0862695596088114
451,2020-09-15 14:00:00,5646.0,5660.0,5620.0,5630.0,[],[],0.0,0.0,-34.376074252320386,2406.325197662427,0.0,0,0,0,1088680.6366333982,2406.325197662427,1.088675884806474
452,2020-09-16 09:00:00,5652.0,5652.0,5580.0,5586.0,[],[],-1.0,0.0,-34.376074252320386,7562.736335510485,0.0,0,0,0,1096243.3729689086,7562.736335510485,1.0962386211419846
453,2020-09-16 10:00:00,5584.0,5608.0,5574.0,5602.0,[],[],0.0,0.0,-34.376074252320386,-2750.085940185631,0.0,0,0,0,1093493.287028723,-2750.085940185631,1.093488535201799
454,2020-09-16 11:00:00,5602.0,5610.0,5596.0,5610.0,[],[],0.0,0.0,-34.376074252320386,-1375.0429700928155,0.0,0,0,0,1092118.2440586302,-1375.0429700928155,1.092113492231706
455,2020-09-16 13:00:00,5610.0,5620.0,5604.0,5610.0,[],[],0.0,0.0,-34.376074252320386,0.0,0.0,0,0,0,1092118.2440586302,0.0,1.092113492231706
456,2020-09-16 14:00:00,5610.0,5624.0,5586.0,5612.0,[],[],0.0,0.0,-34.376074252320386,-343.7607425232039,0.0,0,0,0,1091774.483316107,-343.7607425232039,1.0917697314891828
457,2020-09-17 09:00:00,5632.0,5632.0,5576.0,5588.0,[],[],0.0,0.0,-34.376074252320386,4125.128910278446,0.0,0,0,0,1095899.6122263854,4125.128910278446,1.0958948603994614
458,2020-09-17 10:00:00,5588.0,5600.0,5584.0,5586.0,[],[],0.0,0.0,-34.376074252320386,343.7607425232039,0.0,0,0,0,1096243.3729689086,343.7607425232039,1.0962386211419846
459,2020-09-17 11:00:00,5586.0,5616.0,5584.0,5614.0,[],[],0.0,0.0,-34.376074252320386,-4812.650395324854,0.0,0,0,0,1091430.7225735837,-4812.650395324854,1.0914259707466596
460,2020-09-17 13:00:00,5616.0,5620.0,5610.0,5618.0,[],[],0.0,0.0,-34.376074252320386,-687.5214850464077,0.0,0,0,0,1090743.2010885372,-687.5214850464077,1.0907384492616132
461,2020-09-17 14:00:00,5616.0,5646.0,5614.0,5644.0,[],[],0.0,0.0,-34.376074252320386,-4468.88965280165,0.0,0,0,0,1086274.3114357356,-4468.88965280165,1.0862695596088114
462,2020-09-18 09:00:00,5650.0,5650.0,5586.0,5588.0,[],[],0.0,0.0,-34.376074252320386,9625.300790649708,0.0,0,0,0,1095899.6122263852,9625.300790649708,1.0958948603994614
463,2020-09-18 10:00:00,5588.0,5610.0,5576.0,5600.0,[],[],0.0,0.0,-34.376074252320386,-2062.564455139223,0.0,0,0,0,1093837.047771246,-2062.564455139223,1.093832295944322
464,2020-09-18 11:00:00,5600.0,5612.0,5594.0,5610.0,[],[],0.0,0.0,-34.376074252320386,-1718.8037126160193,0.0,0,0,0,1092118.24405863,-1718.8037126160193,1.092113492231706
465,2020-09-18 13:00:00,5612.0,5612.0,5588.0,5592.0,[],[],0.0,0.0,-34.376074252320386,3093.846682708835,0.0,0,0,0,1095212.090741339,3093.846682708835,1.0952073389144148
466,2020-09-18 14:00:00,5592.0,5620.0,5568.0,5614.0,[],[],0.0,0.0,-34.376074252320386,-3781.3681677552427,0.0,0,0,0,1091430.7225735837,-3781.3681677552427,1.0914259707466596
467,2020-09-21 09:00:00,5618.0,5676.0,5604.0,5670.0,[],[],0.0,0.0,-34.376074252320386,-9625.300790649708,0.0,0,0,0,1081805.421782934,-9625.300790649708,1.0818006699560099
468,2020-09-21 10:00:00,5672.0,5680.0,5658.0,5670.0,[],[],0.0,0.0,-34.376074252320386,0.0,0.0,0,0,0,1081805.421782934,0.0,1.0818006699560099
469,2020-09-21 11:00:00,5670.0,5680.0,5668.0,5672.0,[],[],0.0,0.0,-34.376074252320386,-343.7607425232039,0.0,0,0,0,1081461.6610404109,-343.7607425232039,1.0814569092134867
470,2020-09-21 13:00:00,5672.0,5674.0,5614.0,5616.0,[],[],0.0,0.0,-34.376074252320386,9625.300790649708,0.0,0,0,0,1091086.9618310605,9625.300790649708,1.0910822100041364
471,2020-09-21 14:00:00,5616.0,5618.0,5584.0,5592.0,[],[],0.0,0.0,-34.376074252320386,4125.128910278446,0.0,0,0,0,1095212.090741339,4125.128910278446,1.0952073389144148
472,2020-09-22 09:00:00,5588.0,5636.0,5558.0,5616.0,[],[],0.0,0.0,-34.376074252320386,-4125.128910278446,0.0,0,0,0,1091086.9618310605,-4125.128910278446,1.0910822100041364
473,2020-09-22 10:00:00,5616.0,5628.0,5602.0,5622.0,[],[],0.0,0.0,-34.376074252320386,-1031.2822275696115,0.0,0,0,0,1090055.6796034907,-1031.2822275696115,1.0900509277765669
474,2020-09-22 11:00:00,5622.0,5626.0,5610.0,5618.0,[],[],0.0,0.0,-34.376074252320386,687.5214850464077,0.0,0,0,0,1090743.2010885372,687.5214850464077,1.0907384492616132
475,2020-09-22 13:00:00,5618.0,5630.0,5608.0,5624.0,[],[],0.0,0.0,-34.376074252320386,-1031.2822275696115,0.0,0,0,0,1089711.9188609675,-1031.2822275696115,1.0897071670340437
476,2020-09-22 14:00:00,5624.0,5642.0,5600.0,5608.0,[],[],0.0,0.0,-34.376074252320386,2750.085940185631,0.0,0,0,0,1092462.0048011532,2750.085940185631,1.0924572529742294
477,2020-09-23 09:00:00,5620.0,5622.0,5576.0,5598.0,[],[],-1.0,0.0,-34.376074252320386,1718.8037126160193,0.0,0,0,0,1094180.8085137692,1718.8037126160193,1.0941760566868453
478,2020-09-23 10:00:00,5598.0,5600.0,5576.0,5580.0,[],[],-1.0,0.0,-34.376074252320386,3093.846682708835,0.0,0,0,0,1097274.6551964781,3093.846682708835,1.097269903369554
479,2020-09-23 11:00:00,5580.0,5596.0,5568.0,5592.0,[],[],0.0,0.0,-34.376074252320386,-2062.564455139223,0.0,0,0,0,1095212.090741339,-2062.564455139223,1.0952073389144148
480,2020-09-23 13:00:00,5592.0,5610.0,5584.0,5610.0,[],[],0.0,0.0,-34.376074252320386,-3093.846682708835,0.0,0,0,0,1092118.24405863,-3093.846682708835,1.092113492231706
481,2020-09-23 14:00:00,5610.0,5616.0,5598.0,5608.0,[],[],0.0,0.0,-34.376074252320386,343.7607425232039,0.0,0,0,0,1092462.0048011532,343.7607425232039,1.0924572529742294
482,2020-09-24 09:00:00,5664.0,5688.0,5660.0,5680.0,[],[],0.0,0.0,0.0,0.0,0.0,0,0,0,1092462.0048011532,0.0,1.0924572529742294
483,2020-09-24 10:00:00,5680.0,5686.0,5674.0,5682.0,[],[],0.0,0.0,0.0,0.0,0.0,0,0,0,1092462.0048011532,0.0,1.0924572529742294
484,2020-09-24 11:00:00,5682.0,5688.0,5678.0,5680.0,[],[],0.0,0.0,0.0,0.0,0.0,0,0,0,1092462.0048011532,0.0,1.0924572529742294
485,2020-09-24 13:00:00,5682.0,5684.0,5664.0,5670.0,[],[],0.0,0.0,0.0,0.0,0.0,0,0,0,1092462.0048011532,0.0,1.0924572529742294
486,2020-09-24 14:00:00,5670.0,5686.0,5670.0,5686.0,[],[],0.0,0.0,0.0,0.0,0.0,0,0,0,1092462.0048011532,0.0,1.0924572529742294
487,2020-09-25 09:00:00,5668.0,5726.0,5668.0,5702.0,[],[],-1.0,-1.0,0.0,0.0,0.0,0,0,0,1092462.0048011532,0.0,1.0924572529742294
488,2020-09-25 10:00:00,5706.0,5726.0,5706.0,5710.0,[5704.0],['2020-09-25 10:00:00'],0.0,0.0,-35.075412136092595,-1052.2623640827778,81.73076923076924,0,0,0,1091328.0116678397,-1133.993133313547,1.0913232598409157
489,2020-09-25 11:00:00,5710.0,5718.0,5700.0,5706.0,[],[],0.0,0.0,-35.075412136092595,701.508242721852,0.0,0,0,0,1092029.5199105616,701.508242721852,1.0920247680836375
490,2020-09-25 13:00:00,5708.0,5718.0,5696.0,5708.0,[],[],0.0,0.0,-35.075412136092595,-350.754121360926,0.0,0,0,0,1091678.7657892008,-350.754121360926,1.0916740139622767
491,2020-09-25 14:00:00,5708.0,5720.0,5704.0,5712.0,[],[],0.0,0.0,-35.075412136092595,-701.508242721852,0.0,0,0,0,1090977.2575464789,-701.508242721852,1.0909725057195547
492,2020-09-28 09:00:00,5718.0,5724.0,5678.0,5686.0,[],[],-1.0,0.0,-35.075412136092595,4559.803577692038,0.0,0,0,0,1095537.061124171,4559.803577692038,1.0955323092972469
493,2020-09-28 10:00:00,5686.0,5714.0,5682.0,5708.0,[],[],0.0,0.0,-35.075412136092595,-3858.295334970185,0.0,0,0,0,1091678.7657892008,-3858.295334970185,1.0916740139622767
494,2020-09-28 11:00:00,5712.0,5716.0,5702.0,5708.0,[],[],0.0,0.0,-35.075412136092595,0.0,0.0,0,0,0,1091678.7657892008,0.0,1.0916740139622767
495,2020-09-28 13:00:00,5708.0,5714.0,5694.0,5696.0,[],[],0.0,0.0,-35.075412136092595,2104.5247281655556,0.0,0,0,0,1093783.2905173663,2104.5247281655556,1.0937785386904422
496,2020-09-28 14:00:00,5696.0,5712.0,5694.0,5712.0,[],[],0.0,0.0,-35.075412136092595,-2806.032970887408,0.0,0,0,0,1090977.2575464789,-2806.032970887408,1.0909725057195547
497,2020-09-29 09:00:00,5712.0,5770.0,5712.0,5744.0,[],[],0.0,0.0,-35.075412136092595,-5612.065941774816,0.0,0,0,0,1085365.1916047041,-5612.065941774816,1.08536043977778
498,2020-09-29 10:00:00,5742.0,5752.0,5718.0,5734.0,[],[],0.0,0.0,-35.075412136092595,1753.77060680463,0.0,0,0,0,1087118.9622115088,1753.77060680463,1.0871142103845846
499,2020-09-29 11:00:00,5734.0,5734.0,5720.0,5726.0,[],[],0.0,0.0,-35.075412136092595,1403.016485443704,0.0,0,0,0,1088521.9786969526,1403.016485443704,1.0885172268700283
500,2020-09-29 13:00:00,5726.0,5726.0,5708.0,5714.0,[],[],0.0,0.0,-35.075412136092595,2104.5247281655556,0.0,0,0,0,1090626.503425118,2104.5247281655556,1.090621751598194
501,2020-09-29 14:00:00,5714.0,5740.0,5714.0,5730.0,[],[],0.0,0.0,-35.075412136092595,-2806.032970887408,0.0,0,0,0,1087820.4704542307,-2806.032970887408,1.0878157186273065
502,2020-09-30 09:00:00,5716.0,5746.0,5702.0,5718.0,[],[],0.0,0.0,-35.075412136092595,2104.5247281655556,0.0,0,0,0,1089924.9951823961,2104.5247281655556,1.089920243355472
503,2020-09-30 10:00:00,5720.0,5732.0,5708.0,5720.0,[],[],0.0,0.0,-35.075412136092595,-350.754121360926,0.0,0,0,0,1089574.2410610353,-350.754121360926,1.089569489234111
504,2020-09-30 11:00:00,5720.0,5742.0,5718.0,5738.0,[],[],0.0,0.0,-35.075412136092595,-3156.7870922483335,0.0,0,0,0,1086417.4539687869,-3156.7870922483335,1.0864127021418628
505,2020-09-30 13:00:00,5738.0,5742.0,5714.0,5714.0,[],[],0.0,0.0,-35.075412136092595,4209.049456331111,0.0,0,0,0,1090626.503425118,4209.049456331111,1.090621751598194
506,2020-09-30 14:00:00,5714.0,5722.0,5700.0,5708.0,[],[],0.0,0.0,-35.075412136092595,1052.2623640827778,0.0,0,0,0,1091678.7657892008,1052.2623640827778,1.0916740139622767
507,2020-10-09 09:00:00,5734.0,5820.0,5704.0,5818.0,[],[],0.0,0.0,-35.075412136092595,-19291.47667485093,0.0,0,0,0,1072387.2891143498,-19291.47667485093,1.0723825372874258
508,2020-10-09 10:00:00,5818.0,5846.0,5818.0,5826.0,[],[],0.0,0.0,-35.075412136092595,-1403.016485443704,0.0,0,0,0,1070984.272628906,-1403.016485443704,1.070979520801982
509,2020-10-09 11:00:00,5828.0,5834.0,5808.0,5834.0,[],[],0.0,0.0,-35.075412136092595,-1403.016485443704,0.0,0,0,0,1069581.2561434621,-1403.016485443704,1.0695765043165384
510,2020-10-09 13:00:00,5832.0,5838.0,5812.0,5830.0,[],[],0.0,0.0,-35.075412136092595,701.508242721852,0.0,0,0,0,1070282.764386184,701.508242721852,1.0702780125592601
511,2020-10-09 14:00:00,5830.0,5850.0,5820.0,5850.0,[],[],0.0,0.0,-35.075412136092595,-3507.54121360926,0.0,0,0,0,1066775.2231725748,-3507.54121360926,1.066770471345651
512,2020-10-12 09:00:00,5840.0,5880.0,5828.0,5868.0,[],[],0.0,0.0,-35.075412136092595,-3156.7870922483335,0.0,0,0,0,1063618.4360803263,-3156.7870922483335,1.0636136842534025
513,2020-10-12 10:00:00,5868.0,5880.0,5842.0,5872.0,[],[],0.0,0.0,-35.075412136092595,-701.508242721852,0.0,0,0,0,1062916.9278376044,-701.508242721852,1.0629121760106808
514,2020-10-12 11:00:00,5874.0,5900.0,5872.0,5892.0,[],[],0.0,0.0,-35.075412136092595,-3507.54121360926,0.0,0,0,0,1059409.3866239951,-3507.54121360926,1.0594046347970716
515,2020-10-12 13:00:00,5892.0,5894.0,5876.0,5884.0,[],[],0.0,0.0,-35.075412136092595,1403.016485443704,0.0,0,0,0,1060812.403109439,1403.016485443704,1.060807651282515
516,2020-10-12 14:00:00,5884.0,5900.0,5876.0,5898.0,[],[],0.0,0.0,-35.075412136092595,-2455.2788495264813,0.0,0,0,0,1058357.1242599124,-2455.2788495264813,1.0583523724329886
517,2020-10-13 09:00:00,5894.0,5914.0,5876.0,5910.0,[],[],0.0,0.0,-35.075412136092595,-2104.5247281655556,0.0,0,0,0,1056252.599531747,-2104.5247281655556,1.0562478477048232
518,2020-10-13 10:00:00,5910.0,5944.0,5890.0,5906.0,[],[],0.0,0.0,-35.075412136092595,701.508242721852,0.0,0,0,0,1056954.1077744688,701.508242721852,1.056949355947545
519,2020-10-13 11:00:00,5906.0,5926.0,5898.0,5918.0,[],[],0.0,0.0,-35.075412136092595,-2104.5247281655556,0.0,0,0,0,1054849.5830463034,-2104.5247281655556,1.0548448312193794
520,2020-10-13 13:00:00,5918.0,5948.0,5918.0,5940.0,[],[],0.0,0.0,-35.075412136092595,-3858.295334970185,0.0,0,0,0,1050991.2877113333,-3858.295334970185,1.0509865358844093
521,2020-10-13 14:00:00,5940.0,5950.0,5930.0,5936.0,[],[],0.0,0.0,-35.075412136092595,701.508242721852,0.0,0,0,0,1051692.7959540552,701.508242721852,1.051688044127131
522,2020-10-14 09:00:00,5918.0,5980.0,5908.0,5958.0,[],[],0.0,0.0,-35.075412136092595,-3858.295334970185,0.0,0,0,0,1047834.5006190849,-3858.295334970185,1.0478297487921608
523,2020-10-14 10:00:00,5958.0,5962.0,5912.0,5928.0,[],[],0.0,0.0,-35.075412136092595,5261.311820413889,0.0,0,0,0,1053095.8124394987,5261.311820413889,1.0530910606125747
524,2020-10-14 11:00:00,5928.0,5928.0,5882.0,5896.0,[],[],0.0,0.0,-35.075412136092595,5612.065941774816,0.0,0,0,0,1058707.8783812735,5612.065941774816,1.0587031265543496
525,2020-10-14 13:00:00,5896.0,5930.0,5894.0,5918.0,[],[],0.0,0.0,-35.075412136092595,-3858.295334970185,0.0,0,0,0,1054849.5830463034,-3858.295334970185,1.0548448312193794
526,2020-10-14 14:00:00,5918.0,5922.0,5894.0,5912.0,[],[],0.0,0.0,-35.075412136092595,1052.2623640827778,0.0,0,0,0,1055901.845410386,1052.2623640827778,1.0558970935834622
527,2020-10-15 09:00:00,5914.0,5928.0,5880.0,5894.0,[],[],0.0,0.0,-35.075412136092595,3156.7870922483335,0.0,0,0,0,1059058.6325026345,3156.7870922483335,1.0590538806757106
528,2020-10-15 10:00:00,5894.0,5908.0,5890.0,5896.0,[],[],0.0,0.0,-35.075412136092595,-350.754121360926,0.0,0,0,0,1058707.8783812737,-350.754121360926,1.0587031265543496
529,2020-10-15 11:00:00,5896.0,5914.0,5890.0,5908.0,[],[],0.0,0.0,-35.075412136092595,-2104.5247281655556,0.0,0,0,0,1056603.3536531082,-2104.5247281655556,1.0565986018261841
530,2020-10-15 13:00:00,5908.0,5928.0,5908.0,5914.0,[],[],0.0,0.0,-35.075412136092595,-1052.2623640827778,0.0,0,0,0,1055551.0912890255,-1052.2623640827778,1.0555463394621012
531,2020-10-15 14:00:00,5914.0,5920.0,5906.0,5916.0,[],[],0.0,0.0,-35.075412136092595,-350.754121360926,0.0,0,0,0,1055200.3371676647,-350.754121360926,1.0551955853407404
532,2020-10-16 09:00:00,5928.0,5980.0,5914.0,5970.0,[],[],0.0,0.0,-35.075412136092595,-9470.361276745001,0.0,0,0,0,1045729.9758909197,-9470.361276745001,1.0457252240639954
533,2020-10-16 10:00:00,5970.0,5976.0,5936.0,5948.0,[],[],0.0,0.0,-35.075412136092595,3858.295334970185,0.0,0,0,0,1049588.27122589,3858.295334970185,1.0495835193989655
534,2020-10-16 11:00:00,5948.0,5960.0,5942.0,5952.0,[],[],0.0,0.0,-35.075412136092595,-701.508242721852,0.0,0,0,0,1048886.762983168,-701.508242721852,1.0488820111562438
535,2020-10-16 13:00:00,5954.0,5964.0,5942.0,5944.0,[],[],0.0,0.0,-35.075412136092595,1403.016485443704,0.0,0,0,0,1050289.7794686118,1403.016485443704,1.0502850276416873
536,2020-10-16 14:00:00,5942.0,5970.0,5928.0,5968.0,[],[],0.0,0.0,-35.075412136092595,-4209.049456331111,0.0,0,0,0,1046080.7300122808,-4209.049456331111,1.0460759781853564
537,2020-10-19 09:00:00,5998.0,6000.0,5932.0,5976.0,[],[],0.0,0.0,-35.075412136092595,-1403.016485443704,0.0,0,0,0,1044677.7135268371,-1403.016485443704,1.0446729616999126
538,2020-10-19 10:00:00,5976.0,5984.0,5916.0,5930.0,[],[],-1.0,0.0,-35.075412136092595,8067.344791301297,0.0,0,0,0,1052745.0583181384,8067.344791301297,1.052740306491214
539,2020-10-19 11:00:00,5930.0,5930.0,5908.0,5912.0,[],[],-1.0,0.0,-35.075412136092595,3156.7870922483335,0.0,0,0,0,1055901.8454103868,3156.7870922483335,1.0558970935834622
540,2020-10-19 13:00:00,5914.0,5920.0,5896.0,5920.0,[],[],0.0,0.0,-35.075412136092595,-1403.016485443704,0.0,0,0,0,1054498.828924943,-1403.016485443704,1.0544940770980185
541,2020-10-19 14:00:00,5920.0,5942.0,5910.0,5940.0,[],[],0.0,0.0,-35.075412136092595,-3507.54121360926,0.0,0,0,0,1050991.2877113337,-3507.54121360926,1.0509865358844093
542,2020-10-20 09:00:00,5950.0,5954.0,5912.0,5928.0,[],[],0.0,0.0,-35.075412136092595,2104.5247281655556,0.0,0,0,0,1053095.8124394992,2104.5247281655556,1.0530910606125747
543,2020-10-20 10:00:00,5926.0,5938.0,5916.0,5916.0,[],[],0.0,0.0,-35.075412136092595,2104.5247281655556,0.0,0,0,0,1055200.3371676647,2104.5247281655556,1.0551955853407404
544,2020-10-20 11:00:00,5914.0,5924.0,5908.0,5916.0,[],[],0.0,0.0,-35.075412136092595,0.0,0.0,0,0,0,1055200.3371676647,0.0,1.0551955853407404
545,2020-10-20 13:00:00,5914.0,5932.0,5912.0,5922.0,[],[],0.0,0.0,-35.075412136092595,-1052.2623640827778,0.0,0,0,0,1054148.074803582,-1052.2623640827778,1.0541433229766577
546,2020-10-20 14:00:00,5926.0,5926.0,5910.0,5918.0,[],[],0.0,0.0,-35.075412136092595,701.508242721852,0.0,0,0,0,1054849.5830463038,701.508242721852,1.0548448312193794
547,2020-10-21 09:00:00,5938.0,5980.0,5922.0,5968.0,[],[],0.0,0.0,-35.075412136092595,-8768.853034023148,0.0,0,0,0,1046080.7300122806,-8768.853034023148,1.0460759781853564
548,2020-10-21 10:00:00,5968.0,5978.0,5960.0,5974.0,[],[],0.0,0.0,-35.075412136092595,-1052.2623640827778,0.0,0,0,0,1045028.4676481979,-1052.2623640827778,1.0450237158212734
549,2020-10-21 11:00:00,5974.0,6010.0,5960.0,6004.0,[],[],0.0,0.0,-35.075412136092595,-5261.311820413889,0.0,0,0,0,1039767.155827784,-5261.311820413889,1.0397624040008595
550,2020-10-21 13:00:00,6004.0,6046.0,5964.0,5974.0,[],[],0.0,0.0,-35.075412136092595,5261.311820413889,0.0,0,0,0,1045028.4676481979,5261.311820413889,1.0450237158212734
551,2020-10-21 14:00:00,5974.0,5988.0,5938.0,5946.0,[],[],0.0,0.0,-35.075412136092595,4910.557699052963,0.0,0,0,0,1049939.0253472507,4910.557699052963,1.0499342735203265
552,2020-10-22 09:00:00,5942.0,5956.0,5916.0,5938.0,[],[],0.0,0.0,-35.075412136092595,1403.016485443704,0.0,0,0,0,1051342.0418326946,1403.016485443704,1.0513372900057703
553,2020-10-22 10:00:00,5938.0,5940.0,5882.0,5898.0,[],[],-1.0,0.0,-35.075412136092595,7015.08242721852,0.0,0,0,0,1058357.124259913,7015.08242721852,1.0583523724329886
554,2020-10-22 11:00:00,5898.0,5898.0,5850.0,5874.0,[],[],0.0,0.0,-35.075412136092595,4209.049456331111,0.0,0,0,0,1062566.1737162443,4209.049456331111,1.0625614218893198
555,2020-10-22 13:00:00,5874.0,5882.0,5858.0,5876.0,[],[],0.0,0.0,-35.075412136092595,-350.754121360926,0.0,0,0,0,1062215.4195948835,-350.754121360926,1.0622106677679588
556,2020-10-22 14:00:00,5876.0,5886.0,5850.0,5854.0,[],[],0.0,0.0,-35.075412136092595,3858.295334970185,0.0,0,0,0,1066073.7149298536,3858.295334970185,1.066068963102929
557,2020-10-23 09:00:00,5860.0,5884.0,5826.0,5826.0,[],[],0.0,0.0,-35.075412136092595,4910.557699052963,0.0,0,0,0,1070984.2726289064,4910.557699052963,1.070979520801982
558,2020-10-23 10:00:00,5826.0,5852.0,5826.0,5852.0,[],[],-1.0,0.0,-35.075412136092595,-4559.803577692038,0.0,0,0,0,1066424.4690512144,-4559.803577692038,1.06641971722429
559,2020-10-23 11:00:00,5852.0,5852.0,5844.0,5848.0,[],[],-1.0,0.0,-35.075412136092595,701.508242721852,0.0,0,0,0,1067125.9772939363,701.508242721852,1.067121225467012
560,2020-10-23 13:00:00,5848.0,5852.0,5840.0,5850.0,[],[],-1.0,0.0,-35.075412136092595,-350.754121360926,0.0,0,0,0,1066775.2231725755,-350.754121360926,1.066770471345651
561,2020-10-23 14:00:00,5848.0,5858.0,5836.0,5844.0,[],[],-1.0,0.0,-35.075412136092595,1052.2623640827778,0.0,0,0,0,1067827.4855366582,1052.2623640827778,1.0678227337097337
562,2020-10-26 09:00:00,5850.0,5850.0,5768.0,5784.0,[],[],-1.0,0.0,-35.075412136092595,10522.623640827778,0.0,0,0,0,1078350.109177486,10522.623640827778,1.0783453573505615
563,2020-10-26 10:00:00,5784.0,5790.0,5760.0,5782.0,[],[],-1.0,0.0,-35.075412136092595,350.754121360926,0.0,0,0,0,1078700.8632988469,350.754121360926,1.0786961114719225
564,2020-10-26 11:00:00,5782.0,5786.0,5766.0,5770.0,[],[],-1.0,0.0,-35.075412136092595,2104.5247281655556,0.0,0,0,0,1080805.3880270123,2104.5247281655556,1.080800636200088
565,2020-10-26 13:00:00,5770.0,5794.0,5766.0,5786.0,[],[],-1.0,0.0,-35.075412136092595,-2806.032970887408,0.0,0,0,0,1077999.355056125,-2806.032970887408,1.0779946032292005
566,2020-10-26 14:00:00,5786.0,5790.0,5760.0,5760.0,[],[],-1.0,0.0,-35.075412136092595,4559.803577692038,0.0,0,0,0,1082559.158633817,4559.803577692038,1.0825544068068926
567,2020-10-27 09:00:00,5786.0,5802.0,5770.0,5794.0,[],[],-1.0,0.0,-35.075412136092595,-5962.820063135741,0.0,0,0,0,1076596.3385706812,-5962.820063135741,1.0765915867437568
568,2020-10-27 10:00:00,5794.0,5814.0,5792.0,5804.0,[],[],1.0,1.0,-35.075412136092595,-1753.77060680463,0.0,0,0,0,1074842.5679638765,-1753.77060680463,1.0748378161369523
569,2020-10-27 11:00:00,5804.0,5816.0,5798.0,5808.0,"[5804.0, 5804.0]","['2020-10-27 11:00:00', '2020-10-27 11:00:00']",1.0,0.0,34.45899379738112,689.1798759476223,163.29284750337382,0,0,0,1075368.4549923206,525.8870284442485,1.0753637031653964
570,2020-10-27 13:00:00,5810.0,5818.0,5788.0,5790.0,[],[],-1.0,-1.0,34.45899379738112,-3101.309441764301,0.0,0,0,0,1072267.1455505562,-3101.309441764301,1.0722623937236322
571,2020-10-27 14:00:00,5788.0,5794.0,5776.0,5778.0,"[5790.0, 5790.0]","['2020-10-27 14:00:00', '2020-10-27 14:00:00']",-1.0,0.0,-34.54231433506045,2072.538860103627,163.4049773755656,0,0,0,1074176.2794332842,1909.1338827280615,1.0741715276063601
572,2020-10-28 09:00:00,5800.0,5812.0,5782.0,5798.0,[],[],-1.0,0.0,-34.54231433506045,-3454.231433506045,0.0,0,0,0,1070722.047999778,-3454.231433506045,1.0707172961728542
573,2020-10-28 10:00:00,5798.0,5844.0,5792.0,5818.0,[],[],0.0,0.0,-34.54231433506045,-3454.231433506045,0.0,0,0,0,1067267.816566272,-3454.231433506045,1.0672630647393482
574,2020-10-28 11:00:00,5818.0,5824.0,5808.0,5816.0,[],[],0.0,0.0,-34.54231433506045,345.4231433506045,0.0,0,0,0,1067613.2397096225,345.4231433506045,1.0676084878826988
575,2020-10-28 13:00:00,5812.0,5820.0,5800.0,5804.0,[],[],0.0,0.0,-34.54231433506045,2072.538860103627,0.0,0,0,0,1069685.778569726,2072.538860103627,1.0696810267428023
576,2020-10-28 14:00:00,5806.0,5824.0,5790.0,5792.0,[],[],0.0,0.0,-34.54231433506045,2072.538860103627,0.0,0,0,0,1071758.3174298296,2072.538860103627,1.071753565602906
577,2020-10-29 09:00:00,5792.0,5856.0,5782.0,5814.0,[],[],0.0,0.0,-34.54231433506045,-3799.6545768566502,0.0,0,0,0,1067958.662852973,-3799.6545768566502,1.0679539110260494
578,2020-10-29 10:00:00,5812.0,5814.0,5790.0,5792.0,[],[],0.0,0.0,-34.54231433506045,3799.6545768566502,0.0,0,0,0,1071758.3174298296,3799.6545768566502,1.071753565602906
579,2020-10-29 11:00:00,5792.0,5796.0,5784.0,5790.0,[],[],0.0,0.0,-34.54231433506045,345.4231433506045,0.0,0,0,0,1072103.7405731801,345.4231433506045,1.0720989887462566
580,2020-10-29 13:00:00,5790.0,5802.0,5784.0,5800.0,[],[],0.0,0.0,-34.54231433506045,-1727.1157167530225,0.0,0,0,0,1070376.624856427,-1727.1157167530225,1.0703718730295035
581,2020-10-29 14:00:00,5800.0,5802.0,5782.0,5782.0,[],[],0.0,0.0,-34.54231433506045,3108.808290155441,0.0,0,0,0,1073485.4331465825,3108.808290155441,1.0734806813196591
582,2020-10-30 09:00:00,5808.0,5834.0,5788.0,5828.0,[],[],0.0,0.0,-34.54231433506045,-7944.732297063903,0.0,0,0,0,1065540.7008495186,-7944.732297063903,1.065535949022595
583,2020-10-30 10:00:00,5828.0,5830.0,5794.0,5802.0,[],[],0.0,0.0,-34.54231433506045,4490.500863557859,0.0,0,0,0,1070031.2017130766,4490.500863557859,1.070026449886153
584,2020-10-30 11:00:00,5802.0,5804.0,5790.0,5790.0,[],[],0.0,0.0,-34.54231433506045,2072.538860103627,0.0,0,0,0,1072103.7405731801,2072.538860103627,1.0720989887462566
585,2020-10-30 13:00:00,5790.0,5794.0,5754.0,5776.0,[],[],0.0,0.0,-34.54231433506045,2417.9620034542318,0.0,0,0,0,1074521.7025766345,2417.9620034542318,1.0745169507497108
586,2020-10-30 14:00:00,5776.0,5788.0,5768.0,5774.0,[],[],0.0,0.0,-34.54231433506045,345.4231433506045,0.0,0,0,0,1074867.125719985,345.4231433506045,1.0748623738930614
